-- phpMyAdmin SQL Dump
-- version 4.8.5
-- https://www.phpmyadmin.net/
--
-- Host: 127.0.0.1
-- Generation Time: May 28, 2019 at 08:20 AM
-- Server version: 10.1.38-MariaDB
-- PHP Version: 7.3.4

SET SQL_MODE = "NO_AUTO_VALUE_ON_ZERO";
SET AUTOCOMMIT = 0;
START TRANSACTION;
SET time_zone = "+00:00";


/*!40101 SET @OLD_CHARACTER_SET_CLIENT=@@CHARACTER_SET_CLIENT */;
/*!40101 SET @OLD_CHARACTER_SET_RESULTS=@@CHARACTER_SET_RESULTS */;
/*!40101 SET @OLD_COLLATION_CONNECTION=@@COLLATION_CONNECTION */;
/*!40101 SET NAMES utf8mb4 */;

--
-- Database: `cosmetic-mobile`
--

-- --------------------------------------------------------

--
-- Table structure for table `categories`
--

CREATE TABLE `categories` (
  `categories_id` int(11) NOT NULL,
  `categories_name` mediumtext COLLATE utf8mb4_unicode_ci NOT NULL,
  `categories_type` mediumtext COLLATE utf8mb4_unicode_ci NOT NULL
) ENGINE=InnoDB DEFAULT CHARSET=utf8mb4 COLLATE=utf8mb4_unicode_ci;

--
-- Dumping data for table `categories`
--

INSERT INTO `categories` (`categories_id`, `categories_name`, `categories_type`) VALUES
(1, 'Concealer & Base', 'Eyes'),
(2, 'Eye Shadow', 'Eyes'),
(3, 'Eyebrow Color', 'Eyes'),
(4, 'Eyeliner', 'Eyes'),
(5, 'Glitter & Shimmer', 'Eyes'),
(6, 'Lash Enhancers & Primers', 'Eyes'),
(7, 'Liner & Shadow Combinations', 'Eyes'),
(8, 'Mascara', 'Eyes'),
(9, 'Blotting Paper', 'Face'),
(10, 'Blush', 'Face'),
(11, 'Bronzers & Highlighters', 'Face'),
(12, 'Concealers & Neutralizers', 'Face'),
(13, 'Foundation', 'Face'),
(15, 'Powder', 'Face'),
(16, 'Lip Glosses', 'Lips'),
(17, 'Lip Liners', 'Lips'),
(18, 'Lip Plumpers', 'Lips'),
(19, 'Lip Stains', 'Lips'),
(20, 'Lipstick', 'Lips'),
(21, 'Lipstick Primers', 'Lips'),
(22, 'Nail Art', 'Nails'),
(23, 'Nail Polish', 'Nails'),
(24, 'Nail Polish Remover', 'Nails'),
(25, 'Nail Thickening Solution', 'Nails'),
(26, 'Nail Treatments', 'Nails'),
(27, 'Top & Base Coats', 'Nails'),
(28, 'Blotting Paper ', 'Tools'),
(29, 'Brushes & Applicators', 'Tools'),
(30, 'Eyelash Tools', 'Tools'),
(31, 'Puffs, Sponges & Wedges', 'Tools'),
(32, 'Sharpeners', 'Tools'),
(33, 'Treatment Tools', 'Tools'),
(34, 'Sets & Kits', 'Tools');

-- --------------------------------------------------------

--
-- Table structure for table `product`
--

CREATE TABLE `product` (
  `product_id` varchar(32) COLLATE utf8mb4_unicode_ci NOT NULL,
  `product_name` varchar(200) COLLATE utf8mb4_unicode_ci NOT NULL,
  `brand_id` varchar(200) COLLATE utf8mb4_unicode_ci NOT NULL,
  `categories_id` varchar(200) COLLATE utf8mb4_unicode_ci NOT NULL,
  `description` text COLLATE utf8mb4_unicode_ci NOT NULL,
  `product_price` int(11) NOT NULL,
  `ingredient` text COLLATE utf8mb4_unicode_ci NOT NULL,
  `product_img` varchar(200) COLLATE utf8mb4_unicode_ci NOT NULL
) ENGINE=InnoDB DEFAULT CHARSET=utf8mb4 COLLATE=utf8mb4_unicode_ci;

--
-- Dumping data for table `product`
--

INSERT INTO `product` (`product_id`, `product_name`, `brand_id`, `categories_id`, `description`, `product_price`, `ingredient`, `product_img`) VALUES
('', 'Test', '5', '10', 'lorem', 300, 'lorem', '192.168.1.173/soco/Images/1.jpg'),
('1', 'LUNASOL Modeling Control Base', '1', '1', 'A makeup base that controls skin tone and texture to bring out beautiful finish of the foundation. Makes the skin silky smooth upon application, as if putting on flawless skin.', 1300, 'n/a', 'http://192.168.1.173/webService/Images/1.jpg'),
('10', 'LUNASOL Coloring Sheer Cheeks', '1', '10', 'This set contains one blush, one compact case and one application brush.', 1400, 'n/a', 'http://192.168.1.173/webService/Images/10.jpg'),
('100', 'Christian Dior 5 Couleurs Couture Colors and Effects Eye Shadow, Palette No. 566 Versailles, 0.21 Ounce', '14', '2', 'This dior-designed palette has five harmonious shades that capture the luxury sportswear so cherished by christian dior. It features a rope motif with five shadows layered in shimmer, iridescent, and satin finishes.', 2000, 'n/a', 'http://192.168.1.173/webService/Images/100.jpg'),
('101', 'Christian Dior 5 Couleurs Couture Colors and Effects Eye Shadow, Palette No. 208 Navy, 0.21 Ounce', '14', '2', 'This dior-designed palette has five harmonious shades that capture the luxury sportswear so cherished by christian dior. It features a rope motif with five shadows layered in shimmer, iridescent, and satin finishes.', 2000, 'n/a', 'http://192.168.1.173/webService/Images/101.jpg'),
('102', 'Christian Dior 5 Couleurs Couture Colors and Effects Eye Shadow, Palette  No. 308 Khaki, 0.21 Ounce', '14', '2', 'This dior-designed palette has five harmonious shades that capture the luxury sportswear so cherished by christian dior. It features a rope motif with five shadows layered in shimmer, iridescent, and satin finishes.', 2000, 'n/a', 'http://192.168.1.173/webService/Images/102.jpg'),
('103', 'Christian Dior 5 Couleurs Couture Colors and Effects Eye Shadow, Palette No. 708 Amberi, 0.21 Ounce', '14', '2', 'This dior-designed palette has five harmonious shades that capture the luxury sportswear so cherished by christian dior. It features a rope motif with five shadows layered in shimmer, iridescent, and satin finishes.', 2000, 'n/a', 'http://192.168.1.173/webService/Images/103.jpg'),
('104', 'Christian Dior 5 Couleurs Couture Colors and Effects Eye Shadow, Palette No. 718 Taupe 0.21 Ounce', '14', '2', 'This dior-designed palette has five harmonious shades that capture the luxury sportswear so cherished by christian dior. It features a rope motif with five shadows layered in shimmer, iridescent, and satin finishes.', 2000, 'n/a', 'http://192.168.1.173/webService/Images/104.jpg'),
('105', 'Urban Decay Naked Palette', '18', '2', 'A revolutionary, neutral eye palette, featuring 12 universally flattering bronze-hued shadows for a wide array of looks.', 1800, 'n/a', 'http://192.168.1.173/webService/Images/105.jpg'),
('106', 'Urban Decay Naked2 Palette', '18', '2', 'A Naked eye palette, featuring 12 taupe-hued neutrals in a wide range of finishes', 1800, 'n/a', 'http://192.168.1.173/webService/Images/106.jpg'),
('107', 'Urban Decay Naked3 Palette', '18', '2', 'An exclusive palette with 12, rose-hued neutral eye shades in every finish.', 1800, 'n/a', 'http://192.168.1.173/webService/Images/107.jpg'),
('108', 'Urban Decay Naked Smoky Palette', '18', '2', 'A smoky side of the Naked eye palette, featuring nine shades and three exclusives from past palettes.', 1800, 'n/a', 'http://192.168.1.173/webService/Images/108.jpg'),
('109', 'Urban Decay Naked Basics', '18', '2', 'A matte palette by Urban Decay, featuring six gorgeously Naked neutrals', 980, 'n/a', 'http://192.168.1.173/webService/Images/109.jpg'),
('11', 'LUNASOL Lighting Sheer Highlight', '1', '11', 'A three-color highlight set that creates natural brightness and translucency on the skin by combining three precisely calculated textures. Ultra-fine powder meltingly blends with the skin to add a delicate glow.', 950, 'n/a', 'http://192.168.1.173/webService/Images/11.jpg'),
('110', 'Urban Decay Naked2 Basics', '18', '2', 'A versatile, matte eyeshadow palette with six shades in taupe-hued neutrals.', 980, 'n/a', 'http://192.168.1.173/webService/Images/110.jpg'),
('111', 'Urban Decay Naked Ultimate Basics', '18', '2', 'A Naked eyeshadow palette with 12 exclusive, must-have, neutral-matte shades.', 1800, 'n/a', 'http://192.168.1.173/webService/Images/111.jpg'),
('112', 'Laura Mercier Translucent Loose Setting Powder, Translucent - perfect for very fair to medium skintones', '19', '15', 'A cult-favorite and award-winning, silky powder with a touch of sheer coverage to set makeup for lasting wear.', 1500, 'n/a', 'http://192.168.1.173/webService/Images/112.jpg'),
('113', 'NARS Blush,  Madly - seashell pink', '6', '10', 'An award-winning, pressed powder blush that delivers healthy-looking color to flatter any skintone.', 1000, 'n/a', 'http://192.168.1.173/webService/Images/113.jpg'),
('114', 'NARS Blush, Sex Appeal - soft peach', '6', '10', 'An award-winning, pressed powder blush that delivers healthy-looking color to flatter any skintone.', 1000, 'n/a', 'http://192.168.1.173/webService/Images/114.jpg'),
('115', 'NARS Blush, Amour - peachy pink', '6', '10', 'An award-winning, pressed powder blush that delivers healthy-looking color to flatter any skintone.', 1000, 'n/a', 'http://192.168.1.173/webService/Images/115.jpg'),
('116', 'NARS Blush, Deep Throat - peach with shimmer', '6', '10', 'An award-winning, pressed powder blush that delivers healthy-looking color to flatter any skintone.', 1000, 'n/a', 'http://192.168.1.173/webService/Images/116.jpg'),
('117', 'NARS Blush, Orgasm - peachy pink with shimmer', '6', '10', 'An award-winning, pressed powder blush that delivers healthy-looking color to flatter any skintone.', 1000, 'n/a', 'http://192.168.1.173/webService/Images/117.jpg'),
('118', 'NARS Blush,  Super Orgasm - peachy pink with gold glitter', '6', '10', 'An award-winning, pressed powder blush that delivers healthy-looking color to flatter any skintone.', 1000, 'n/a', 'http://192.168.1.173/webService/Images/118.jpg'),
('119', 'NARS Blush, Sin - berry with gold shimmer', '6', '10', 'An award-winning, pressed powder blush that delivers healthy-looking color to flatter any skintone.', 1000, 'n/a', 'http://192.168.1.173/webService/Images/119.jpg'),
('12', 'LUNASOL Feathery Stick Lips', '1', '20', 'A limited-edition lipstick that is thinner than lipstick yet thicker than lip pencil in shape. Featuring easy outlining of the lips, this lipstick with an intentionally non-lustrous texture creates a foggy lips that seems to come from within.', 950, 'n/a', 'http://192.168.1.173/webService/Images/12.jpg'),
('120', 'NARS Blush, Unlawful - amber pink w/ silver pearls', '6', '10', 'An award-winning, pressed powder blush that delivers healthy-looking color to flatter any skintone.', 1000, 'n/a', 'http://192.168.1.173/webService/Images/120.jpg'),
('121', 'NARS Blush, Outlaw - soft rose with golden shimmer', '6', '10', 'An award-winning, pressed powder blush that delivers healthy-looking color to flatter any skintone.', 1000, 'n/a', 'http://192.168.1.173/webService/Images/121.jpg'),
('122', 'NARS Blush, Dolce Vita - dusty rose', '6', '10', 'An award-winning, pressed powder blush that delivers healthy-looking color to flatter any skintone.', 1000, 'n/a', 'http://192.168.1.173/webService/Images/122.jpg'),
('123', 'NARS Blush, Seduction - sangria', '6', '10', 'An award-winning, pressed powder blush that delivers healthy-looking color to flatter any skintone.', 1000, 'n/a', 'http://192.168.1.173/webService/Images/123.jpg'),
('124', 'NARS Blush,  Exhibit A - brilliant red', '6', '10', 'An award-winning, pressed powder blush that delivers healthy-looking color to flatter any skintone.', 1000, 'n/a', 'http://192.168.1.173/webService/Images/124.jpg'),
('125', 'NARS Blush, Torrid - coral with shimmer', '6', '10', 'An award-winning, pressed powder blush that delivers healthy-looking color to flatter any skintone.', 1000, 'n/a', 'http://192.168.1.173/webService/Images/125.jpg'),
('126', 'NARS Blush, Lovejoy - shimmering bronzed rose', '6', '10', 'An award-winning, pressed powder blush that delivers healthy-looking color to flatter any skintone.', 1000, 'n/a', 'http://192.168.1.173/webService/Images/126.jpg'),
('127', 'NARS Blush, Luster - sheer golden apricot', '6', '10', 'An award-winning, pressed powder blush that delivers healthy-looking color to flatter any skintone.', 1000, 'n/a', 'http://192.168.1.173/webService/Images/127.jpg'),
('128', 'NARS Blush, Angelika - cotton candy', '6', '10', 'An award-winning, pressed powder blush that delivers healthy-looking color to flatter any skintone.', 1000, 'n/a', 'http://192.168.1.173/webService/Images/128.jpg'),
('129', 'NARS Blush, Mata Hari - rose petal pink', '6', '10', 'An award-winning, pressed powder blush that delivers healthy-looking color to flatter any skintone.', 1000, 'n/a', 'http://192.168.1.173/webService/Images/129.jpg'),
('13', 'Too Faced Born This Way Foundation', '2', '13', 'Born This Way is an oil-free foundation that masterfully diffuses the line between makeup and skin. For coverage so undetectable, you can', 1850, 'Ingredients/Ingr?dients: Water (Aqua) (Eau), Cyclopentasiloxane, Glycerin, Aluminum Starch Octenylsuccinate, Isododecane, Polyglyceryl-4 Isostearate, Cetyl PEG/PPG-10/1 Dimethicone, Hexyl Laurate, Dimethicone, Ethylhexyl Methoxycinnamate, Magnesium Sulfate, Diphenyl Dimethicone, Tribehenin, Triethoxycaprylylsilane, Disteardimonium Hectorite, Polysilicone-11, Propylene Carbonate, Tetrahexyldecyl Ascorbate, Cocos Nucifera Water, Ethylhexyl Palmitate, Rhododendron Ferrugineum Extract, Alcohol, Silica Dimethyl Silylate, Lecithin, Pistacia Lentiscus (Mastic) Gum, Butylene Glycol, Potassium Sorbate, Sodium Hyaluronate, EDTA, Caprylyl Glycol, Phenoxyethanol. May Contain/Peut Contenir (+/-): Titanium Dioxide (CI 77891), Iron Oxides (CI 77491, CI 77492, CI 77499). *Vegan-friendly *Formulated without parabens', 'http://192.168.1.173/webService/Images/13.jpg'),
('130', 'NARS Blush, Desire - cotton candy pink', '6', '10', 'An award-winning, pressed powder blush that delivers healthy-looking color to flatter any skintone.', 1000, 'n/a', 'http://192.168.1.173/webService/Images/130.jpg'),
('131', 'NARS Blush,  Goulue - warm berry with gold shimmer', '6', '10', 'An award-winning, pressed powder blush that delivers healthy-looking color to flatter any skintone.', 1000, 'n/a', 'http://192.168.1.173/webService/Images/131.jpg'),
('132', 'NARS Blush, Impassioned - pink orchid', '6', '10', 'An award-winning, pressed powder blush that delivers healthy-looking color to flatter any skintone.', 1000, 'n/a', 'http://192.168.1.173/webService/Images/132.jpg'),
('133', 'NARS Blush, Bumpy Ride - bright pink with luminous sheen', '6', '10', 'An award-winning, pressed powder blush that delivers healthy-looking color to flatter any skintone.', 1000, 'n/a', 'http://192.168.1.173/webService/Images/133.jpg'),
('134', 'NARS Brozing powder, Casino - dark brown with golden shimmer', '6', '11', 'A bronzer with a gold shimmer finish.', 1300, 'n/a', 'http://192.168.1.173/webService/Images/134.jpg'),
('135', 'NARS Brozing powder, Laguna - brown with golden shimmer', '6', '11', 'A bronzer with a gold shimmer finish.', 1300, 'n/a', 'http://192.168.1.173/webService/Images/135.jpg'),
('136', 'Too Faced Natural Love Ultimate Neutral Eye Shadow Palette', '2', '2', 'A limited-edition eye shadow palette featuring the ultimate library of 30 natural-looking, must-have shades.', 2000, 'n/a', 'http://192.168.1.173/webService/Images/136.jpg'),
('137', 'Too Faced Love Light Prismatic Highlighter, Blinded By The Light - champagne', '2', '11', 'A heart-shaped highlighter with a silky smooth texture that allows for a buildable pearl radiance.', 1000, 'n/a', 'http://192.168.1.173/webService/Images/137.jpg'),
('138', 'Too Faced Love Light Prismatic Highlighter, Ray Of Light - rose gold', '2', '11', 'A heart-shaped highlighter with a silky smooth texture that allows for a buildable pearl radiance.', 1000, 'n/a', 'http://192.168.1.173/webService/Images/138.jpg'),
('139', 'Too Faced Love Light Prismatic Highlighter, You Light Up My Life - gold', '2', '11', 'A heart-shaped highlighter with a silky smooth texture that allows for a buildable pearl radiance.', 1000, 'n/a', 'http://192.168.1.173/webService/Images/139.jpg'),
('14', 'Too Faced Born This Way Naturally Radiant Concealer', '2', '12', 'Instantly hide imperfections, vanish the appearance of dark circles, and blur the look of lines and wrinkles for complete coverage so undetectable, they', 1450, 'INGREDIENTS: Water/Aqua/Eau, Hydrogenated Polyisobutene, Hydrogenated Styrene/Isoprene Copolymer, Hydrogenated Didecene, Trimethylsiloxysilicate, Titanium Dioxide [Nano], Cetyl PEG/PPG-10/1 Dimethicone, Glycerin, Polymethylsilsesquioxane, HDI/Trimethylol Hexyllactone Crosspolymer, Lactobacillus/Salix Alba Bark Ferment Filtrate, Phenoxyethanol, Alumina, Cocos Nucifera (Coconut) Fruit Juice/Cocos Nucifera Fruit Juice, Cocos Nucifera (Coconut) Water/Cocos Nucifera Water, Dimethicone, Disteardimonium Hectorite, Lauric Acid, Lauryl Alcohol Diphosphonic Acid, Lauryl PEG-8 Dimethicone, Magnesium Aluminum Silicate, Methicone, Fragrance/Parfum, Pentylene Glycol, Potassium Sorbate, Rhododendron Ferrugineum Extract, Sodium Benzoate, Sodium Chloride, Sodium Dehydroacetate, Sodium Hyaluronate, Tocopheryl Acetate, Triethoxycaprylylsilane, Trisodium Ethylenediamine Disuccinate, Tropolone, Yogurt Powder. May Contain/Peut Contenir (+/-): Iron Oxides (CI 77491, CI 77492, CI 77499), Titanium Dioxide (CI 77891).', 'http://192.168.1.173/webService/Images/14.jpg'),
('140', 'Too Faced Sweet Peach Glow Peach-Infused Highlighting Palette', '2', '11', 'A peach-infused, highlighting palette with three shades for a lit-from-within, luminous glow.', 1430, 'n/a', 'http://192.168.1.173/webService/Images/140.jpg'),
('141', 'Too Faced Candlelight Glow Highlighting Powder Duo,  Rosy Glow', '2', '11', 'A highlighting powder duo powered by ', 1000, 'n/a', 'http://192.168.1.173/webService/Images/141.jpg'),
('142', 'Too Faced Candlelight Glow Highlighting Powder Duo, Warm Glow', '2', '11', 'A highlighting powder duo powered by ', 1000, 'n/a', 'http://192.168.1.173/webService/Images/142.jpg'),
('143', 'Too Faced Chocolate Soleil Matte Bronzer, Milk Chocolate - light to medium', '2', '11', 'A delectable matte bronzer.', 1000, 'n/a', 'http://192.168.1.173/webService/Images/143.jpg'),
('144', 'Too Faced Chocolate Soleil Matte Bronzer, Chocolate - medium to deep', '2', '11', 'A delectable matte bronzer.', 1000, 'n/a', 'http://192.168.1.173/webService/Images/144.jpg'),
('145', 'Too Faced Chocolate Soleil Matte Bronzer, Dark Chocolate - Deep To Tan', '2', '11', 'A delectable matte bronzer.', 1000, 'n/a', 'http://192.168.1.173/webService/Images/145.jpg'),
('146', 'Too Faced Sweethearts Perfect Flush Blush, Candy Glow - rose pink shimmer / soft coral pink / peachy pink shimmer', '2', '10', 'A trio-color blush packed into one pretty heart.', 1000, 'n/a', 'http://192.168.1.173/webService/Images/146.jpg'),
('147', 'Too Faced Sweethearts Perfect Flush Blush, Peach Beach - shimmering peach/ rosy pink/ shimmering light golden bronze', '2', '10', 'A trio-color blush packed into one pretty heart.', 1000, 'n/a', 'http://192.168.1.173/webService/Images/147.jpg'),
('148', 'Too Faced Sweethearts Perfect Flush Blush, Something About Berry - shimmering mauve pink/ golden peach/ shimmering magenta pink', '2', '10', 'A trio-color blush packed into one pretty heart.', 1000, 'n/a', 'http://192.168.1.173/webService/Images/148.jpg'),
('149', 'Too Faced Sweethearts Perfect Flush Blush,  Sparkling Bellini - soft orange/ medium orange/ medium pink', '2', '10', 'A trio-color blush packed into one pretty heart.', 1000, 'n/a', 'http://192.168.1.173/webService/Images/149.jpg'),
('15', 'Too Faced Brow Quickie', '2', '3', 'Need a brow quickie? In just seconds plump up and groom brows for super natural perfection. Brow Quickie', 1090, 'INGREDIENTS: Water/Aqua/Eau, Pentylene Glycol, Glyceryl Stearate, Nylon-6, Polypropylene, PEG-100 Stearate, Talc, Glycerin, Acrylates Copolymer, Polyamide-3, Polysorbate 20, Magnesium Aluminum Silicate, Polyacrylamide, Ethylhexylglycerin, C13-14 Isoparaffin, Simethicone, Panthenol, Tocopheryl Acetate, Phenoxyethanol, Laureth-7. Titanium Dioxide (CI 77891), Iron Oxides (CI 77491, CI 77492, CI 77499).', 'http://192.168.1.173/webService/Images/15.jpg'),
('150', 'Hourglass Ambient? Lighting Blush, Dim Infusion - subdued coral', '20', '10', 'A groundbreaking hybrid that combines the customized lighting effects of Ambient Lighting Powder with a spectrum of breathtakingly modern hues for seamless, soft-focus, and multidimensional color.', 1300, 'n/a', 'http://192.168.1.173/webService/Images/150.jpg'),
('151', 'Hourglass Ambient? Lighting Blush, Ethereal Glow - cool pink', '20', '10', 'A groundbreaking hybrid that combines the customized lighting effects of Ambient Lighting Powder with a spectrum of breathtakingly modern hues for seamless, soft-focus, and multidimensional color.', 1300, 'n/a', 'http://192.168.1.173/webService/Images/151.jpg'),
('152', 'Hourglass Ambient? Lighting Blush, Luminous Flush - champagne rose', '20', '10', 'A groundbreaking hybrid that combines the customized lighting effects of Ambient Lighting Powder with a spectrum of breathtakingly modern hues for seamless, soft-focus, and multidimensional color.', 1300, 'n/a', 'http://192.168.1.173/webService/Images/152.jpg'),
('153', 'Hourglass Ambient? Lighting Blush, Radiant Magenta - golden fuchsia', '20', '10', 'A groundbreaking hybrid that combines the customized lighting effects of Ambient Lighting Powder with a spectrum of breathtakingly modern hues for seamless, soft-focus, and multidimensional color.', 1300, 'n/a', 'http://192.168.1.173/webService/Images/153.jpg'),
('154', 'Hourglass Ambient? Lighting Blush, Diffused Heat - vibrant poppy', '20', '10', 'A groundbreaking hybrid that combines the customized lighting effects of Ambient Lighting Powder with a spectrum of breathtakingly modern hues for seamless, soft-focus, and multidimensional color.', 1300, 'n/a', 'http://192.168.1.173/webService/Images/154.jpg'),
('155', 'Hourglass Ambient? Lighting Blush, Mood Exposure - soft plum', '20', '10', 'A groundbreaking hybrid that combines the customized lighting effects of Ambient Lighting Powder with a spectrum of breathtakingly modern hues for seamless, soft-focus, and multidimensional color.', 1300, 'n/a', 'http://192.168.1.173/webService/Images/155.jpg'),
('156', 'Laura Mercier Translucent Loose Setting Powder, Translucent Medium Deep - perfect for medium deep to the deepest skintones', '19', '15', 'A cult-favorite and award-winning, silky powder with a touch of sheer coverage to set makeup for lasting wear.', 1500, 'n/a', 'http://192.168.1.173/webService/Images/156.jpg'),
('157', 'Lanc?me Matte Shaker High Pigment Liquid Lipstick, 272 Energy in Peach - peach nude', '8', '19', 'A highly pigmented matte liquid lipstick that delivers intense color payoff with a lightweight, second-skin feel.', 750, 'n/a', 'http://192.168.1.173/webService/Images/157.jpg'),
('158', 'Lanc?me Matte Shaker High Pigment Liquid Lipstick, 270 Beige Vintage - beige nude', '8', '19', 'A highly pigmented matte liquid lipstick that delivers intense color payoff with a lightweight, second-skin feel.', 750, 'n/a', 'http://192.168.1.173/webService/Images/158.jpg'),
('159', 'Lanc?me Matte Shaker High Pigment Liquid Lipstick, 186 Magic Orange - vivid orange', '8', '19', 'A highly pigmented matte liquid lipstick that delivers intense color payoff with a lightweight, second-skin feel.', 750, 'n/a', 'http://192.168.1.173/webService/Images/159.jpg'),
('16', 'Too Faced Totally Cute Palette', '2', '2', 'A limited-edition, eyeshadow palette with nine shades and stickers to decorate your palette.', 1850, '3 Eye Shadows each Net Wt. 2.0 g / 0.07 Oz. Total Net Wt. 6.0 g / 0.21 Oz., 6 Eye Shadows each Net Wt. 0.9 g / 0.03 Oz. Total Net Wt. 5.4 g / 0.18 Oz. Total Net Wt.11.4 mL Bunny Fu-Fu INGREDIENTS: Talc, Mica, Boron Nitride, Silica, Methicone, Caprylic/Capric Triglyceride, Dimethicone, Ethylhexyl Palmitate, Glyceryl Caprylate, Zinc Stearate, Potassium Sorbate, Sodium Dehydroacetate, Carmine (CI 75470). May Contain/Peut Contenir (+/-): Yellow 5 Lake (CI 19140), Iron Oxides (CI 77491, CI 77492, CI 77499), Titanium Dioxide (CI 77891). Chocolate Donut INGREDIENTS: Talc, Mica, Boron Nitride, Silica, Glyceryl Caprylate, Caprylic/Capric Triglyceride, Dimethicone, Ethylhexyl Palmitate, Methicone, Potassium Sorbate, Sodium Dehydroacetate, Zinc Stearate, Carmine (CI 75470). May Contain/Peut Contenir (+/-): Iron Oxides (CI 77491, CI 77492, CI 77499), Titanium Dioxide (CI 77891). Shooting Star INGREDIENTS: Mica, Caprylic/Capric Triglyceride, Dimethicone, Ethylhexyl Palmitate, Zinc Stearate, Talc, Boron Nitride, Silica, Glyceryl Caprylate, Methicone, Potassium Sorbate, Sodium Dehydroacetate, Carmine (CI 75470). May Contain/Peut Contenir (+/-): Yellow 5 Lake (CI 19140), Iron Oxides (CI 77491, CI 77499), Titanium Dioxide (CI 77891). Clover INGREDIENTS: Mica, Caprylic/Capric Triglyceride, Dimethicone, Ethylhexyl Palmitate, Talc, Zinc Stearate, Boron Nitride, Silica, Glyceryl Caprylate, Methicone, Potassium Sorbate, Sodium Dehydroacetate. May Contain/Peut Contenir (+/-): Yellow 5 Lake (CI 19140), Blue 1 Lake (CI 42090), Chromium Oxide Greens (CI 77288), Iron Oxides (CI 77491, CI 77499), Ferric Ferrocyanide (CI 77510), Titanium Dioxide (CI 77891). Storm Cloud INGREDIENTS: Mica, Caprylic/Capric Triglyceride, Dimethicone, Ethylhexyl Palmitate, Zinc Stearate, Glyceryl Caprylate, Boron Nitride, Methicone, Potassium Sorbate, Silica, Sodium Dehydroacetate, Talc, Carmine (CI 75470). May Contain/Peut Contenir (+/-): Chromium Oxide Greens (CI 77288), Iron Oxides (CI 77491, CI 77499), Ferric Ferrocyanide (CI 77510), Titanium Dioxide (CI 77891). Unicorn INGREDIENTS: Mica, Talc, Caprylic/Capric Triglyceride, Dimethicone, Ethylhexyl Palmitate, Zinc Stearate, Silica, Boron Nitride, Glyceryl Caprylate, Methicone, Potassium Sorbate, Sodium Dehydroacetate, Carmine (CI 75470). May Contain/Peut Contenir (+/-): Iron Oxides (CI 77491, CI 77492, CI 77499), Titanium Dioxide (CI 77891). I<3 TF INGREDIENTS: Mica, Synthetic Fluorphlogopite, Boron Nitride, Caprylic/Capric Triglyceride, Dimethicone, Ethylhexyl Palmitate, Zinc Stearate, Glyceryl Caprylate, Methicone, Potassium Sorbate, Silica, Sodium Dehydroacetate, Talc, Tin Oxide, Carmine (CI 75470). May Contain/Peut Contenir (+/-): Yellow 5 Lake (CI 19140), Titanium Dioxide (CI 77891). Meow INGREDIENTS: Mica, Dimethicone, Caprylic/Capric Triglyceride, Ethylhexyl Palmitate, Boron Nitride, Glyceryl Caprylate, Zinc Stearate, Methicone, Potassium Sorbate, Silica, Sodium Dehydroacetate, Talc, Carmine (CI 75470). May Contain/Peut Contenir (+/-): Aluminum Powder (CI 77000), Iron Oxides (CI 77491, CI 77499), Titanium Dioxide (CI 77891).', 'http://192.168.1.173/webService/Images/16.jpg'),
('160', 'Lanc?me Matte Shaker High Pigment Liquid Lipstick, 374 Kiss Me Ch?rie - deep brick red', '8', '19', 'A highly pigmented matte liquid lipstick that delivers intense color payoff with a lightweight, second-skin feel.', 750, 'n/a', 'http://192.168.1.173/webService/Images/160.jpg'),
('161', 'Lanc?me Matte Shaker High Pigment Liquid Lipstick, 189 Red\'y In 5 - fiery warm red', '8', '19', 'A highly pigmented matte liquid lipstick that delivers intense color payoff with a lightweight, second-skin feel.', 750, 'n/a', 'http://192.168.1.173/webService/Images/161.jpg'),
('162', 'Lanc?me Matte Shaker High Pigment Liquid Lipstick, 379 Yummy Pink - bright pink with blue undertones', '8', '19', 'A highly pigmented matte liquid lipstick that delivers intense color payoff with a lightweight, second-skin feel.', 750, 'n/a', 'http://192.168.1.173/webService/Images/162.jpg'),
('163', 'Lanc?me Matte Shaker High Pigment Liquid Lipstick, 378 Pink Power - magenta', '8', '19', 'A highly pigmented matte liquid lipstick that delivers intense color payoff with a lightweight, second-skin feel.', 750, 'n/a', 'http://192.168.1.173/webService/Images/163.jpg'),
('164', 'Dior Vernis Gel Shine and Long Wear Nail Lacquer, Cosmopolite 785', '14', '23', 'A couture, gel-effect nail lacquer.', 920, 'n/a', 'http://192.168.1.173/webService/Images/164.jpg'),
('165', 'Dior Vernis Gel Shine and Long Wear Nail Lacquer, Tra-La-La 155', '14', '23', 'A couture, gel-effect nail lacquer.', 920, 'n/a', 'http://192.168.1.173/webService/Images/165.jpg'),
('166', 'Dior Vernis Gel Shine and Long Wear Nail Lacquer, Incognito 257', '14', '23', 'A couture, gel-effect nail lacquer.', 920, 'n/a', 'http://192.168.1.173/webService/Images/166.jpg'),
('167', 'Dior Vernis Gel Shine and Long Wear Nail Lacquer, Mirage 338', '14', '23', 'A couture, gel-effect nail lacquer.', 920, 'n/a', 'http://192.168.1.173/webService/Images/167.jpg'),
('168', 'Dior Vernis Gel Shine and Long Wear Nail Lacquer, Palais Royal 403', '14', '23', 'A couture, gel-effect nail lacquer.', 920, 'n/a', 'http://192.168.1.173/webService/Images/168.jpg'),
('169', 'Dior Vernis Gel Shine and Long Wear Nail Lacquer, Junon 494', '14', '23', 'A couture, gel-effect nail lacquer.', 920, 'n/a', 'http://192.168.1.173/webService/Images/169.jpg'),
('17', 'Too Faced Love Flush Blush Wardrobe', '2', '10', 'Blush all day and night with the flush of true love! The long-wear, fade-proof, smudge-proof formula keeps your cheeks perfectly flushed for up to 16 hours. Six high-impact shades give a pretty pop of color for any skin tone all in one adorable mirrored palette. Shades: Love Hangover, Baby Love, I Will Always Love You, How Deep is Your Love?, Justify My Love and Your Love is King', 1950, 'Love Hangover Ingredients: Mica, Zinc Stearate, Ethylhexyl Methoxycinnamate, Dimethicone, Ethylhexyl Palmitate, Silica, Squalane, Polyethylene, Butyl Methoxydibenzoylmethane, Glyceryl Caprylate, Lauroyl Lysine, Potassium Sorbate, Sodium Dehydroacetate, Tocopheryl Acetate. May Contain/Peut Contenir (+/-): Red 7 Lake (CI 15850), Yellow 5 Lake (CI 19140), Iron Oxides (CI 77491, CI 77492, CI 77499), Titanium Dioxide (CI 77891). Baby Love and Justify My Love Ingredients: Mica, Zinc Stearate, Ethylhexyl Methoxycinnamate, Dimethicone, Ethylhexyl Palmitate, Silica, Squalane, Polyethylene, Butyl Methoxydibenzoylmethane, Glyceryl Caprylate, Lauroyl Lysine, Potassium Sorbate, Sodium Dehydroacetate, Tocopheryl Acetate, Triethoxycaprylylsilane, Carmine (CI 75470). May Contain/Peut Contenir (+/-): Red 7 Lake (CI 15850), Yellow 5 Lake (CI 19140), Red 28 Lake (CI 45410), Ultramarines (CI 77007), Iron Oxides (CI 77491, CI 77492, CI 77499), Titanium Dioxide (CI 77891). I Will Always Love You Ingredients : Mica, Zinc Stearate, Ethylhexyl Methoxycinnamate, Squalane, Dimethicone, Ethylhexyl Palmitate, Silica, Polyethylene, Butyl Methoxydibenzoylmethane, Glyceryl Caprylate, Lauroyl Lysine, Potassium Sorbate, Sodium Dehydroacetate, Tocopheryl Acetate, Carmine (CI 75470). May Contain/Peut Contenir (+/-): Red 7 Lake (CI 15850), Yellow 5 Lake (CI 19140), Red 30 Lake (CI 73360), Iron Oxides (CI 77491, CI 77499), Titanium Dioxide (CI 77891). How Deep is Your Love? and Your Love is King Ingredients: Mica, Zinc Stearate, Ethylhexyl Methoxycinnamate, Dimethicone, Ethylhexyl Palmitate, Silica, Squalane, Polyethylene, Butyl Methoxydibenzoylmethane, Glyceryl Caprylate, Lauroyl Lysine, Potassium Sorbate, Sodium Dehydroacetate, Tocopheryl Acetate. May Contain/Peut Contenir (+/-): Red 7 Lake (CI 15850), Yellow 5 Lake (CI 19140), Red 30 Lake (CI 73360), Iron Oxides (CI 77491, CI 77492, CI 77499), Titanium Dioxide (CI 77891). *Formulated without parabens', 'http://192.168.1.173/webService/Images/17.jpg'),
('170', 'Dior Vernis Gel Shine and Long Wear Nail Lacquer, Aventure 551', '14', '23', 'A couture, gel-effect nail lacquer.', 920, 'n/a', 'http://192.168.1.173/webService/Images/170.jpg'),
('171', 'Dior Vernis Gel Shine and Long Wear Nail Lacquer, Wonderland 575', '14', '23', 'A couture, gel-effect nail lacquer.', 920, 'n/a', 'http://192.168.1.173/webService/Images/171.jpg'),
('172', 'Dior Vernis Gel Shine and Long Wear Nail Lacquer,  Bonheur 661', '14', '23', 'A couture, gel-effect nail lacquer.', 920, 'n/a', 'http://192.168.1.173/webService/Images/172.jpg'),
('173', 'Dior Vernis Gel Shine and Long Wear Nail Lacquer,  Pandore 754', '14', '23', 'A couture, gel-effect nail lacquer.', 920, 'n/a', 'http://192.168.1.173/webService/Images/173.jpg'),
('174', 'Dior Vernis Gel Shine and Long Wear Nail Lacquer, M?tal Montaigne 803', '14', '23', 'A couture, gel-effect nail lacquer.', 920, 'n/a', 'http://192.168.1.173/webService/Images/174.jpg'),
('175', 'Dior Vernis Gel Shine and Long Wear Nail Lacquer, Nuit 1947', '14', '23', 'A couture, gel-effect nail lacquer.', 920, 'n/a', 'http://192.168.1.173/webService/Images/175.jpg'),
('176', 'Dior Vernis Gel Shine and Long Wear Nail Lacquer, Rouge 999', '14', '23', 'A couture, gel-effect nail lacquer.', 920, 'n/a', 'http://192.168.1.173/webService/Images/176.jpg'),
('177', 'Dior Gel Coat', '14', '23', 'A top coat that imparts the look of a gel manicure.', 920, 'n/a', 'http://192.168.1.173/webService/Images/177.jpg'),
('178', 'NARS Nail Polish, Zakynthos - beige', '6', '23', 'A new, improved formula of nail polish with a long-lasting, high-gloss finish.', 680, 'n/a', 'http://192.168.1.173/webService/Images/178.jpg'),
('179', 'NARS Nail Polish, Trouville - seashell pink', '6', '23', 'A new, improved formula of nail polish with a long-lasting, high-gloss finish.', 680, 'n/a', 'http://192.168.1.173/webService/Images/179.jpg'),
('18', 'Too Faced Sketch Marker Liquid Art Eyeliner', '2', '4', 'Sketch Marker is an advanced liquid eyeliner inspired by Japanese Calligraphy Pens. Its formula acts as an artist', 1050, 'Water/Aqua/Eau, Butylene Glycol, Alcohol, Styrene/Acrylates Copolymer, Acrylates/Octylacrylamide Copolymer, Beheneth-30, Pentylene Glycol, Ethylhexylglycerin, Sodium Hydroxide, Disodium EDTA , Xantham Gum, Sodium Benzoate, Sodium Dehydroacetate, 1,2-Hexanediol, Caprylyl Glycol, Phenoxyethanol, Black 2 (CI 77266).', 'http://192.168.1.173/webService/Images/18.jpg'),
('180', 'NARS Nail Polish, Schiap - vibrant pink', '6', '23', 'A new, improved formula of nail polish with a long-lasting, high-gloss finish.', 680, 'n/a', 'http://192.168.1.173/webService/Images/180.jpg'),
('181', 'NARS Nail Polish, Fearless - bright pink violet', '6', '23', 'A new, improved formula of nail polish with a long-lasting, high-gloss finish.', 680, 'n/a', 'http://192.168.1.173/webService/Images/181.jpg'),
('182', 'NARS Nail Polish, Dovima - bright tomato red', '6', '23', 'A new, improved formula of nail polish with a long-lasting, high-gloss finish.', 680, 'n/a', 'http://192.168.1.173/webService/Images/182.jpg'),
('183', 'NARS Nail Polish,  Hunger - mandarin red', '6', '23', 'A new, improved formula of nail polish with a long-lasting, high-gloss finish.', 680, 'n/a', 'http://192.168.1.173/webService/Images/183.jpg'),
('184', 'NARS Nail Polish, Jungle Red - deep red', '6', '23', 'A new, improved formula of nail polish with a long-lasting, high-gloss finish.', 680, 'n/a', 'http://192.168.1.173/webService/Images/184.jpg'),
('185', 'NARS Nail Polish, Chinatown - blood red', '6', '23', 'A new, improved formula of nail polish with a long-lasting, high-gloss finish.', 680, 'n/a', 'http://192.168.1.173/webService/Images/185.jpg'),
('186', 'NARS Nail Polish, Endless Night - black grape', '6', '23', 'A new, improved formula of nail polish with a long-lasting, high-gloss finish.', 680, 'n/a', 'http://192.168.1.173/webService/Images/186.jpg'),
('187', 'NARS Nail Polish, Manosque - deep smoky lavendar', '6', '23', 'A new, improved formula of nail polish with a long-lasting, high-gloss finish.', 680, 'n/a', 'http://192.168.1.173/webService/Images/187.jpg'),
('188', 'NARS Nail Polish,  Ikiru - light Blue', '6', '23', 'A new, improved formula of nail polish with a long-lasting, high-gloss finish.', 680, 'n/a', 'http://192.168.1.173/webService/Images/188.jpg'),
('189', 'NARS Nail Polish, Thasos - mint green', '6', '23', 'A new, improved formula of nail polish with a long-lasting, high-gloss finish.', 680, 'n/a', 'http://192.168.1.173/webService/Images/189.jpg'),
('19', 'Too Faced Melted Matte Liquified Long Wear Matte Lipstick', '2', '20', 'Matte color gets a Melt-over! Our innovative formula glides over lips like a gloss but dries to an ultra-matte opaque finish. Infused with a no-sting lip plumper and filler, Melted Matte ensures color always looks rich, full, and kissable never dry, shriveled or cracked. Doe-foot applicator comfortably coats lips in bursts of intense, saturated matte color that lasts for hours. ABC', 1090, 'Isododecane, Cyclopentasiloxane, Dimethicone, Trimethylsiloxysilicate, Hydrogenated Polyisobutene, Beeswax/Cera Alba/Cire d\'Abeille, Kaolin, Silica Dimethyl Silylate, Cyclohexasiloxane, Disteardimonium Hectorite, Aluminum Benzoate, Aqua/Water/Eau, Butylene Glycol, Caprylyl Glycol, Cetearyl Ethylhexanoate, Ethylhexyl Palmitate, Glyceryl Behenate/Eicosadioate, Helianthus Annuus (Sunflower) Seed Oil/Helianthus Annuus Seed Oil, Hexylene Glycol, Hydrogen Dimethicone, Palmitoyl Tripeptide-38, Persea Gratissima (Avocado) Oil/Persea Gratissima Oil, Phenoxyethanol, Portulaca Pilosa Extract, Propylene Carbonate, Retinyl Palmitate, Sodium Hyaluronate, Sorbitan Isostearate, Sucrose Cocoate, Tocopherol. May Contain/Peut Contenir (+/-): Red 7 Lake (CI 15850), Iron Oxides (CI 77491), Manganese Violet (CI 77742), Titanium Dioxide (CI 77891), Red 28 Lake (CI 45410).', 'http://192.168.1.173/webService/Images/19.jpg'),
('190', 'NARS Nail Polish, Purple Rain - gothic purple', '6', '23', 'A new, improved formula of nail polish with a long-lasting, high-gloss finish.', 680, 'n/a', 'http://192.168.1.173/webService/Images/190.jpg'),
('191', 'NARS Nail Polish, Night Breed - black with silver glitter', '6', '23', 'A new, improved formula of nail polish with a long-lasting, high-gloss finish.', 680, 'n/a', 'http://192.168.1.173/webService/Images/191.jpg'),
('192', 'NARS Nail Polish, Night Flight - black with cobalt blue pearls', '6', '23', 'A new, improved formula of nail polish with a long-lasting, high-gloss finish.', 680, 'n/a', 'http://192.168.1.173/webService/Images/192.jpg'),
('193', 'NARS Nail Polish,  Night Porter - black with green pearls', '6', '23', 'A new, improved formula of nail polish with a long-lasting, high-gloss finish.', 680, 'n/a', 'http://192.168.1.173/webService/Images/193.jpg'),
('194', 'Dior Cr?me Abricot Fortifying Cream For Nails', '14', '25', 'A rich, creamy salve that nourishes and conditions cuticles.', 920, 'n/a', 'http://192.168.1.173/webService/Images/194.jpg'),
('195', 'NARS Radiant Creamy Concealer, Chantilly - true ivory shade for fairest complexions', '6', '1', 'An award-winning concealer that provides medium-to-full, buildable coverage and corrects, contours, highlights, and perfects.', 420, 'n/a', 'http://192.168.1.173/webService/Images/195.jpg'),
('196', 'NARS Radiant Creamy Concealer, Vanilla - tiny cast of pink for the fair complexion', '6', '1', 'An award-winning concealer that provides medium-to-full, buildable coverage and corrects, contours, highlights, and perfects.', 420, 'n/a', 'http://192.168.1.173/webService/Images/196.jpg'),
('197', 'NARS Radiant Creamy Concealer, Creme Brulee - fair with a light pink undertone', '6', '1', 'An award-winning concealer that provides medium-to-full, buildable coverage and corrects, contours, highlights, and perfects.', 420, 'n/a', 'http://192.168.1.173/webService/Images/197.jpg'),
('198', 'NARS Radiant Creamy Concealer, Cannelle - light with a peachy undertone', '6', '1', 'An award-winning concealer that provides medium-to-full, buildable coverage and corrects, contours, highlights, and perfects.', 420, 'n/a', 'http://192.168.1.173/webService/Images/198.jpg'),
('199', 'NARS Radiant Creamy Concealer, Honey - warm peach tone for light to medium complexion', '6', '1', 'An award-winning concealer that provides medium-to-full, buildable coverage and corrects, contours, highlights, and perfects.', 420, 'n/a', 'http://192.168.1.173/webService/Images/199.jpg'),
('2', 'LUNASOL Skin Modeling Liquid Finish', '1', '1', 'A new liquid foundation that melts onto the skin, as if becoming one with the skin, and makes facial features look beautiful with a single application. Beautifully tones the skin texture and contours of the face to create firm resilience and three-dimensionality, as if wearing a beautiful, thin veil.', 1250, 'n/a', 'http://192.168.1.173/webService/Images/2.jpg'),
('20', 'LANCÔME Blanc Expert Cushion Compact High Coverage SPF50 PA+++', '8', '13', 'LANCME EXCLUSIVE POLAR CUSHION TECHNOLOGY FOR LONG-LASTING LIQUID FOUNDATION, FRESH AND VELVETY FINISH. THE CUSHION THAT GIVES LIFE TO A PETAL-LIKE FRESH AND BRIGHT COMPLEXION.', 1300, 'AQUA / WATER, BUTYLENE GLYCOL DICAPRYLATE/DICAPRAT, METHYL TRIMETHICONE, DIMETHICONE, DIPHENYLSILOXY PHENYL TRIMETHICONE, GLYCERIN, LAURYL PEG-9 POLYDIMETHYLSILOXYETHYL DIMETHICONE, PENTYLENE GLYCOL, BUTYLENE GLYCOL, TRISILOXANE, PEG-10 DIMETHICONE, MAGNESIUM SULFATE, ACRYLATES/STEARYL ACRYLATE/DIMETHICONE METHACRYLATE COPOLYMEE, PHENOXYETHANOL, DIMETHICONE CROSSPOLYMER, LAUROYL LYSINE, ETHYLHEXYLGLYCERIN, DISTEARDIMONIUM HECTORITE, POLYHYDROXYSTEARIC ACID, STEARIC ACID, ALUMINA, TRIETHOXYCAPRYLYLSILANE, LECITHIN, ISOPROPYL MYRISTATE, ISOSTEARIC ACID, ETHYLHEXYL PALMITATE, ADENOSINE, POLYGLYCERYL- POLYRICINOLEATE, DISODIUM EDTA , PHENYLETHYL RESORCINOL , BENZYL SALICYLATE, LINALOOL, BENZYL ALCOHOL, BUTYLPHENYL METHYLPROPIONAL, ALPHA-ISOMETHYL IONONE, PARFUM / FRAGRANCE [+/- MAY CONTAIN CI 77891 / TITANIUM DIOXIDE, CI 77491, CI 77492, CI 77499 / IRON OXIDES, MICA ]', 'http://192.168.1.173/webService/Images/20.jpg'),
('200', 'NARS Radiant Creamy Concealer, Custard - yellow tone for light to medium complexion', '6', '1', 'An award-winning concealer that provides medium-to-full, buildable coverage and corrects, contours, highlights, and perfects.', 420, 'n/a', 'http://192.168.1.173/webService/Images/200.jpg'),
('201', 'NARS Radiant Creamy Concealer, Macadamia - medium with a peachy undertone', '6', '1', 'An award-winning concealer that provides medium-to-full, buildable coverage and corrects, contours, highlights, and perfects.', 420, 'n/a', 'http://192.168.1.173/webService/Images/201.jpg'),
('202', 'NARS Radiant Creamy Concealer, Ginger - golden undertone for medium complexion', '6', '1', 'An award-winning concealer that provides medium-to-full, buildable coverage and corrects, contours, highlights, and perfects.', 420, 'n/a', 'http://192.168.1.173/webService/Images/202.jpg'),
('203', 'NARS Radiant Creamy Concealer, Biscuit - medium dark natural balance of pink and yellow undertones', '6', '1', 'An award-winning concealer that provides medium-to-full, buildable coverage and corrects, contours, highlights, and perfects.', 420, 'n/a', 'http://192.168.1.173/webService/Images/203.jpg'),
('204', 'NARS Radiant Creamy Concealer, Caramel - medium dark yellow and golden undertones', '6', '1', 'An award-winning concealer that provides medium-to-full, buildable coverage and corrects, contours, highlights, and perfects.', 420, 'n/a', 'http://192.168.1.173/webService/Images/204.jpg'),
('205', 'NARS Radiant Creamy Concealer, Chestnut - medium with a pink undertone', '6', '1', 'An award-winning concealer that provides medium-to-full, buildable coverage and corrects, contours, highlights, and perfects.', 420, 'n/a', 'http://192.168.1.173/webService/Images/205.jpg'),
('206', 'NARS Radiant Creamy Concealer,  Amande - medium dark with golden olive undertones', '6', '1', 'An award-winning concealer that provides medium-to-full, buildable coverage and corrects, contours, highlights, and perfects.', 420, 'n/a', 'http://192.168.1.173/webService/Images/206.jpg'),
('207', 'NARS Radiant Creamy Concealer, Hazelnut - medium dark with a warm red undertone', '6', '1', 'An award-winning concealer that provides medium-to-full, buildable coverage and corrects, contours, highlights, and perfects.', 420, 'n/a', 'http://192.168.1.173/webService/Images/207.jpg'),
('208', 'NARS Radiant Creamy Concealer,  Caf? - dark shade with warm red undertones', '6', '1', 'An award-winning concealer that provides medium-to-full, buildable coverage and corrects, contours, highlights, and perfects.', 420, 'n/a', 'http://192.168.1.173/webService/Images/208.jpg'),
('209', 'NARS Radiant Creamy Concealer,  Cacao - dark shade with deep gold to brown undertones', '6', '1', 'An award-winning concealer that provides medium-to-full, buildable coverage and corrects, contours, highlights, and perfects.', 420, 'n/a', 'http://192.168.1.173/webService/Images/209.jpg'),
('21', 'Tom Ford Illuminating Highlight Pen', '3', '11', 'TOM FORD BELIEVES IN BALANCE AND SYMMETRY. THE ILLUMINATING HIGHLIGHT PEN ALLOWS YOU TO ENHANCE, CONTOUR OR DIMINISH YOUR FEATURES TO CREATE THE APPEARANCE OF SYMMETRY. THE RANGE INCLUDES EIGHT HIGHLY MICRONIZED SHADES: FOUR TONES THAT CATCH THE LIGHT AND BRING FOCUS TO THE CHEEKBONES AND EYES TO CREATE BALANCE AND SYMMETRY AND FOUR TONES THAT ACT AS SKIN-PRIMING CONCEALERS TO DIMINISH FLAWS AND SHADOWS. ALL EIGHT TONES WORK TO SOFTEN AND DIFFUSE LIGHT FOR A SMOOTH AND UNDETECTABLE FINISH.', 1850, 'n/a', 'http://192.168.1.173/webService/Images/21.jpg'),
('210', 'NARS Radiant Creamy Concealer, Dark Coffee - dark brown with an olive undertone', '6', '1', 'An award-winning concealer that provides medium-to-full, buildable coverage and corrects, contours, highlights, and perfects.', 420, 'n/a', 'http://192.168.1.173/webService/Images/210.jpg'),
('211', 'NARS Concealer,  Vanilla - tiny cast of pink/ for fair complexions', '6', '1', 'A creamy, long-wearing concealer.', 900, 'n/a', 'http://192.168.1.173/webService/Images/211.jpg'),
('212', 'NARS Concealer, Pear - pale yellow', '6', '1', 'A creamy, long-wearing concealer.', 900, 'n/a', 'http://192.168.1.173/webService/Images/212.jpg'),
('213', 'NARS Concealer, Ginger - golden undertone/ for medium complexions', '6', '1', 'A creamy, long-wearing concealer.', 900, 'n/a', 'http://192.168.1.173/webService/Images/213.jpg'),
('214', 'NARS Concealer, Biscuit - neutral undertone/ for medium complexions', '6', '1', 'A creamy, long-wearing concealer.', 900, 'n/a', 'http://192.168.1.173/webService/Images/214.jpg'),
('215', 'NARS Concealer, Caramel - neutral undertone/ for medium dark complexions', '6', '1', 'A creamy, long-wearing concealer.', 900, 'n/a', 'http://192.168.1.173/webService/Images/215.jpg'),
('216', 'NARS Soft Matte Complete Concealer, Chantilly - true ivory shade for fairest complexions', '6', '1', 'A full-coverage concealer in an oil-free, ultra-lightweight cream formula that blurs imperfections as it conceals, smoothing the look of skin with a soft-matte, natural-looking finish.', 1000, 'n/a', 'http://192.168.1.173/webService/Images/216.jpg'),
('217', 'NARS Soft Matte Complete Concealer, Vanilla - tiny cast of pink for the fair complexion', '6', '1', 'A full-coverage concealer in an oil-free, ultra-lightweight cream formula that blurs imperfections as it conceals, smoothing the look of skin with a soft-matte, natural-looking finish.', 1000, 'n/a', 'http://192.168.1.173/webService/Images/217.jpg'),
('218', 'NARS Soft Matte Complete Concealer, Cr?me Brulee - fair with a light pink undertone', '6', '1', 'A full-coverage concealer in an oil-free, ultra-lightweight cream formula that blurs imperfections as it conceals, smoothing the look of skin with a soft-matte, natural-looking finish.', 1000, 'n/a', 'http://192.168.1.173/webService/Images/218.jpg'),
('219', 'NARS Soft Matte Complete Concealer, Cannelle - light with a peachy undertone', '6', '1', 'A full-coverage concealer in an oil-free, ultra-lightweight cream formula that blurs imperfections as it conceals, smoothing the look of skin with a soft-matte, natural-looking finish.', 1000, 'n/a', 'http://192.168.1.173/webService/Images/219.jpg'),
('220', 'NARS Soft Matte Complete Concealer,  Honey - warm peach tone for light to medium complexion', '6', '1', 'A full-coverage concealer in an oil-free, ultra-lightweight cream formula that blurs imperfections as it conceals, smoothing the look of skin with a soft-matte, natural-looking finish.', 1000, 'n/a', 'http://192.168.1.173/webService/Images/220.jpg'),
('221', 'NARS Soft Matte Complete Concealer, Custard - yellow tone for light to medium complexion', '6', '1', 'A full-coverage concealer in an oil-free, ultra-lightweight cream formula that blurs imperfections as it conceals, smoothing the look of skin with a soft-matte, natural-looking finish.', 1000, 'n/a', 'http://192.168.1.173/webService/Images/221.jpg'),
('222', 'NARS Soft Matte Complete Concealer, Macadamia - medium with a peachy undertone', '6', '1', 'A full-coverage concealer in an oil-free, ultra-lightweight cream formula that blurs imperfections as it conceals, smoothing the look of skin with a soft-matte, natural-looking finish.', 1000, 'n/a', 'http://192.168.1.173/webService/Images/222.jpg'),
('223', 'NARS Soft Matte Complete Concealer, Ginger - golden undertone for medium complexion', '6', '1', 'A full-coverage concealer in an oil-free, ultra-lightweight cream formula that blurs imperfections as it conceals, smoothing the look of skin with a soft-matte, natural-looking finish.', 1000, 'n/a', 'http://192.168.1.173/webService/Images/223.jpg'),
('224', 'NARS Soft Matte Complete Concealer, Biscuit - medium dark natural balance of pink and yellow undertones', '6', '1', 'A full-coverage concealer in an oil-free, ultra-lightweight cream formula that blurs imperfections as it conceals, smoothing the look of skin with a soft-matte, natural-looking finish.', 1000, 'n/a', 'http://192.168.1.173/webService/Images/224.jpg'),
('225', 'NARS Soft Matte Complete Concealer, Caramel - medium dark yellow and golden undertones', '6', '1', 'A full-coverage concealer in an oil-free, ultra-lightweight cream formula that blurs imperfections as it conceals, smoothing the look of skin with a soft-matte, natural-looking finish.', 1000, 'n/a', 'http://192.168.1.173/webService/Images/225.jpg'),
('226', 'NARS Soft Matte Complete Concealer, Chestnut - medium with a pink undertone', '6', '1', 'A full-coverage concealer in an oil-free, ultra-lightweight cream formula that blurs imperfections as it conceals, smoothing the look of skin with a soft-matte, natural-looking finish.', 1000, 'n/a', 'http://192.168.1.173/webService/Images/226.jpg'),
('227', 'NARS Soft Matte Complete Concealer, Amande - medium dark with golden olive undertones', '6', '1', 'A full-coverage concealer in an oil-free, ultra-lightweight cream formula that blurs imperfections as it conceals, smoothing the look of skin with a soft-matte, natural-looking finish.', 1000, 'n/a', 'http://192.168.1.173/webService/Images/227.jpg'),
('228', 'NARS Soft Matte Complete Concealer, Hazelnut - medium dark with a warm red undertone', '6', '1', 'A full-coverage concealer in an oil-free, ultra-lightweight cream formula that blurs imperfections as it conceals, smoothing the look of skin with a soft-matte, natural-looking finish.', 1000, 'n/a', 'http://192.168.1.173/webService/Images/228.jpg'),
('229', 'NARS Soft Matte Complete Concealer, Caf? - dark shade with warm red undertones', '6', '1', 'A full-coverage concealer in an oil-free, ultra-lightweight cream formula that blurs imperfections as it conceals, smoothing the look of skin with a soft-matte, natural-looking finish.', 1000, 'n/a', 'http://192.168.1.173/webService/Images/229.jpg'),
('23', 'Tom Ford Cream Color For Eyes', '3', '2', 'THE LUXURIOUS, CREAM EYE SHADOW ILLUMINATES EYES IN THE LUSTROUS GLOW OF EIGHT, ULTRA-PIGMENTED METALLIC SHADES, FROM THE SUN SPARK GLEAM OF SPHINX TO THE GLITTERING SEA-INSPIRED SIREN BLUE. THE VERSATILE, COOL AND CREAMY FORMULA SEAMLESSLY GLIDES ONTO THE LID TO BRIGHTEN EYES WITHOUT CREASE OR SMUDGE.', 1800, 'n/a', 'http://192.168.1.173/webService/Images/23.jpg'),
('230', 'NARS Soft Matte Complete Concealer, Cacao - dark shade with deep gold-brown undertones', '6', '1', 'A full-coverage concealer in an oil-free, ultra-lightweight cream formula that blurs imperfections as it conceals, smoothing the look of skin with a soft-matte, natural-looking finish.', 1000, 'n/a', 'http://192.168.1.173/webService/Images/230.jpg'),
('231', 'NARS Soft Matte Complete Concealer, Dark Coffee - dark brown with an olive undertone', '6', '1', 'A full-coverage concealer in an oil-free, ultra-lightweight cream formula that blurs imperfections as it conceals, smoothing the look of skin with a soft-matte, natural-looking finish.', 1000, 'n/a', 'http://192.168.1.173/webService/Images/231.jpg'),
('232', 'Laura Mercier Foundation Primer', '19', '14', 'A vitamin-rich, water-based foundation primer.', 1300, 'n/a', 'http://192.168.1.173/webService/Images/232.jpg'),
('233', 'Laura Mercier Foundation Primer - Hydrating', '19', '14', 'A lightweight, creamy gel that creates an invisible barrier between skin and makeup to prime your face for color.', 1300, 'n/a', 'http://192.168.1.173/webService/Images/233.jpg'),
('234', 'Laura Mercier Foundation Primer- Radiance', '19', '14', 'A lightweight, creamy gel that creates an invisible barrier between skin and makeup to prime your face for color.', 1300, 'n/a', 'http://192.168.1.173/webService/Images/234.jpg'),
('235', 'Laura Mercier Foundation Primer Protect Broad Spectrum SPF 30 Sunscreen PA+++', '19', '14', 'A lightweight, gel-cream formula that provides sunscreen protection and creates a canvas for flawless makeup application.', 1300, 'n/a', 'http://192.168.1.173/webService/Images/235.jpg'),
('236', 'Laura Mercier Foundation Primer  - Oil Free', '19', '14', 'A lightweight, creamy gel that creates an invisible barrier between skin and makeup to prime your face for color', 1300, 'n/a', 'http://192.168.1.173/webService/Images/236.jpg');
INSERT INTO `product` (`product_id`, `product_name`, `brand_id`, `categories_id`, `description`, `product_price`, `ingredient`, `product_img`) VALUES
('237', 'Laura Mercier Foundation Primer - Blemish-less', '19', '14', 'A foundation primer formulated to help clear and control oily and blemish-prone skin.', 1300, 'n/a', 'http://192.168.1.173/webService/Images/237.jpg'),
('238', 'Diorskin Forever & Ever Wear Makeup Primer SPF 20', '14', '14', 'A makeup base that enhances foundation coverage.', 1500, 'n/a', 'http://192.168.1.173/webService/Images/238.jpg'),
('239', 'Too Faced Primed & Poreless Skin Smoothing Face Primer', '2', '14', 'A makeup primer scientifically formulated to achieve the look of flawless skin without makeup.', 1000, 'n/a', 'http://192.168.1.173/webService/Images/239.jpg'),
('24', 'Tom Ford High Definition Eye Liner', '3', '4', 'A SLEEK, PROPEL AND REPEL MECHANICAL EYE PENCIL DELIVERS HIGH INTENSITY COLOR IN ONE PRECISE STROKE. THE EXCEPTIONAL GLIDE OF THE LONGWEARING FORMULA ALLOWS FOR EXPERT LINING APPLICATION. APPLY ON OUTSIDE AND INSIDE LID FOR DRAMATIC EMPHASIS TO EYES.', 1500, 'n/a', 'http://192.168.1.173/webService/Images/24.jpg'),
('240', 'Hourglass Ambient Light Correcting Primer, Luminous Light', '20', '14', 'A light correcting primer to blur, smooth, and perfect the skin for a soft, subtle glow.', 1500, 'n/a', 'http://192.168.1.173/webService/Images/240.jpg'),
('241', 'Hourglass Ambient Light Correcting Primer, Mood Light', '20', '14', 'A light correcting primer to blur, smooth, and perfect the skin for a soft, subtle glow.', 1500, 'n/a', 'http://192.168.1.173/webService/Images/241.jpg'),
('242', 'Hourglass Ambient Light Correcting Primer, Dim Light', '20', '14', 'A light correcting primer to blur, smooth, and perfect the skin for a soft, subtle glow.', 1500, 'n/a', 'http://192.168.1.173/webService/Images/242.jpg'),
('243', 'Bobbi Brown Broad Spectrum SPF 50 Protective Face Base', '21', '14', 'A lightweight, multipurpose base that provides a high level of broad spectrum UVA/UVB protection and preps the face for makeup application.', 1500, 'n/a', 'http://192.168.1.173/webService/Images/243.jpg'),
('244', 'Bobbi Brown Skin Smoothing Pore Perfector', '21', '14', 'A lightweight pore perfector with a blend of powders that perfect the skin while skin care actives support improved texture and appearance over time.', 1400, 'n/a', 'http://192.168.1.173/webService/Images/244.jpg'),
('245', 'Laura Mercier Shimmer Bloc, Golden Mosaic - copper/ bronze/ gold/ golden cream', '19', '5', 'A whisper-light powder to bring a snap of illuminating color to face, eyes, and body.', 1500, 'n/a', 'http://192.168.1.173/webService/Images/245.jpg'),
('246', 'Laura Mercier Shimmer Bloc, Peach Mosaic - golden pink/ bronze/ peach/ pearl', '19', '5', 'A whisper-light powder to bring a snap of illuminating color to face, eyes, and body.', 1500, 'n/a', 'http://192.168.1.173/webService/Images/246.jpg'),
('247', 'Laura Mercier Shimmer Bloc,  Pink Mosaic - light pink/ warm red/ brown pink/ dust pink', '19', '5', 'A whisper-light powder to bring a snap of illuminating color to face, eyes, and body.', 1500, 'n/a', 'http://192.168.1.173/webService/Images/247.jpg'),
('248', 'Bobbi Brown Shimmer Brick Highlighter, Rose - soft, rosy glow', '21', '5', 'An iconic highlighter that instantly delivers soft-focus, lit-from-within color with a flattering combination of pale, golden, and rosy pinks.', 1600, 'n/a', 'http://192.168.1.173/webService/Images/248.jpg'),
('249', 'Bobbi Brown Shimmer Brick Highlighter, Nectar - soft, coral glow', '21', '5', 'An iconic highlighter that instantly delivers soft-focus, lit-from-within color with a flattering combination of pale, golden, and rosy pinks.', 1600, 'n/a', 'http://192.168.1.173/webService/Images/249.jpg'),
('25', 'Tom Ford Shade and Illuminate', '3', '11', 'FROM TOM FORD\'S POINT OF VIEW, THE FIRST STEP TO BEAUTY IS UNDERSTANDING THE ARCHITECTURE OF YOUR FACE AND BRINGING BALANCE AND SYMMETRY TO YOUR FEATURES. THIS DUET OF HIGHLIGHTING AND SHADING CREAMS IS DESIGNED TO MAKE SCULPTING AND CONTOURING THE FACE REMARKABLY SIMPLE. THE SUPER-SHEER, LIGHT SHADE CAN BE USED TO DRAW LIGHT ONTO THE SKIN TO BRIGHTEN AND LIFT THE FACE. THE DARK SHADE DEFINES AND CONTOURS BONES WHILE STAYING INVISIBLE TO THE NAKED EYE.', 3000, 'n/a', 'http://192.168.1.173/webService/Images/25.jpg'),
('250', 'Bobbi Brown Shimmer Brick Highlighter, Pink Quartz - soft, warm pink glow', '21', '5', 'An iconic highlighter that instantly delivers soft-focus, lit-from-within color with a flattering combination of pale, golden, and rosy pinks.', 1600, 'n/a', 'http://192.168.1.173/webService/Images/250.jpg'),
('251', 'Bobbi Brown Shimmer Brick Highlighter, Bronze - deep, bronzy glow', '21', '5', 'An iconic highlighter that instantly delivers soft-focus, lit-from-within color with a flattering combination of pale, golden, and rosy pinks.', 1600, 'n/a', 'http://192.168.1.173/webService/Images/251.jpg'),
('252', 'Lanc?me CILS BOOSTER XL Super-Enhancing Mascara Base', '8', '6', 'A lash-conditioning, mascara primer in the same great formula and new packaging that conditions and primes lashes to maximize results', 850, 'n/a', 'http://192.168.1.173/webService/Images/252.jpg'),
('253', 'Dior Diorshow Maximizer 3D Triple volume plumping lash primer', '14', '6', 'A lash primer with an air-pumped texture that coats each lash with a dense, lightweight layer to intensify the effects of the mascara.', 1000, 'n/a', 'http://192.168.1.173/webService/Images/253.jpg'),
('254', 'Urban Decay Subversion Lash Primer', '18', '6', 'A whipped, creamy lash primer that conditions and preps for the perfect mascara application.', 680, 'n/a', 'http://192.168.1.173/webService/Images/254.jpg'),
('255', 'Too Faced Better Than False Lashes Extreme!', '2', '6', 'An instant lash extension kit featuring an improved formula with a mascara and lash fibers longer and thicker lashes.', 1200, 'n/a', 'http://192.168.1.173/webService/Images/255.jpg'),
('256', 'Bobbi Brown Skin Foundation SPF 15, Alabaster 00 ', '21', '13', 'A water-based, oil-free foundation that delivers undetectable coverage and a fresh, hydrated glow for the most natural skin-like finish.', 1700, 'n/a', 'http://192.168.1.173/webService/Images/256.jpg'),
('257', 'Bobbi Brown Skin Foundation SPF 15, Porcelain 0', '21', '13', 'A water-based, oil-free foundation that delivers undetectable coverage and a fresh, hydrated glow for the most natural skin-like finish.', 1700, 'n/a', 'http://192.168.1.173/webService/Images/257.jpg'),
('258', 'Bobbi Brown Skin Foundation SPF 15, Ivory 0.75 ', '21', '13', 'A water-based, oil-free foundation that delivers undetectable coverage and a fresh, hydrated glow for the most natural skin-like finish.', 1700, 'n/a', 'http://192.168.1.173/webService/Images/258.jpg'),
('259', 'Bobbi Brown Skin Foundation SPF 15, Warm Ivory 1\n', '21', '13', 'A water-based, oil-free foundation that delivers undetectable coverage and a fresh, hydrated glow for the most natural skin-like finish.', 1700, 'n/a', 'http://192.168.1.173/webService/Images/259.jpg'),
('26', 'Anastasia Beverly Hills Glow Kit', '4', '11', 'A glow kit with four metallic powder highlighters for intense luminosity. Bring instant luminosity to the complexion with these four metallic powder highlighters. Just layer the highly blendable shades together or wear them separately on the eyes and body for a radiant look.', 1800, 'n/a', 'http://192.168.1.173/webService/Images/26.jpg'),
('260', 'Bobbi Brown Skin Foundation SPF 15,  Cool Ivory 1.25', '21', '13', 'A water-based, oil-free foundation that delivers undetectable coverage and a fresh, hydrated glow for the most natural skin-like finish.', 1700, 'n/a', 'http://192.168.1.173/webService/Images/260.jpg'),
('261', 'Bobbi Brown Skin Foundation SPF 15, Sand 2 ', '21', '13', 'A water-based, oil-free foundation that delivers undetectable coverage and a fresh, hydrated glow for the most natural skin-like finish.', 1700, 'n/a', 'http://192.168.1.173/webService/Images/261.jpg'),
('262', 'Bobbi Brown Skin Foundation SPF 15, Warm Sand 2.5', '21', '13', 'A water-based, oil-free foundation that delivers undetectable coverage and a fresh, hydrated glow for the most natural skin-like finish.', 1700, 'n/a', 'http://192.168.1.173/webService/Images/262.jpg'),
('263', 'Bobbi Brown Skin Foundation SPF 15, Cool Sand 2.25 ', '21', '13', 'A water-based, oil-free foundation that delivers undetectable coverage and a fresh, hydrated glow for the most natural skin-like finish.', 1700, 'n/a', 'http://192.168.1.173/webService/Images/263.jpg'),
('264', 'Bobbi Brown Skin Foundation SPF 15, Beige 3 ', '21', '13', 'A water-based, oil-free foundation that delivers undetectable coverage and a fresh, hydrated glow for the most natural skin-like finish.', 1700, 'n/a', 'http://192.168.1.173/webService/Images/264.jpg'),
('265', 'Bobbi Brown Skin Foundation SPF 15, Warm Beige 3.5', '21', '13', 'A water-based, oil-free foundation that delivers undetectable coverage and a fresh, hydrated glow for the most natural skin-like finish.', 1700, 'n/a', 'http://192.168.1.173/webService/Images/265.jpg'),
('266', 'Bobbi Brown Skin Foundation SPF 15, Natural 4 ', '21', '13', 'A water-based, oil-free foundation that delivers undetectable coverage and a fresh, hydrated glow for the most natural skin-like finish.', 1700, 'n/a', 'http://192.168.1.173/webService/Images/266.jpg'),
('267', 'Bobbi Brown Skin Foundation SPF 15,  Natural Tan 4.25', '21', '13', 'A water-based, oil-free foundation that delivers undetectable coverage and a fresh, hydrated glow for the most natural skin-like finish.', 1700, 'n/a', 'http://192.168.1.173/webService/Images/267.jpg'),
('268', 'Bobbi Brown Skin Foundation SPF 15, Warm Natural 4.5 ', '21', '13', 'A water-based, oil-free foundation that delivers undetectable coverage and a fresh, hydrated glow for the most natural skin-like finish.', 1700, 'n/a', 'http://192.168.1.173/webService/Images/268.jpg'),
('269', 'Bobbi Brown Skin Foundation SPF 15, Golden Natural 4.75 ', '21', '13', 'A water-based, oil-free foundation that delivers undetectable coverage and a fresh, hydrated glow for the most natural skin-like finish.', 1700, 'n/a', 'http://192.168.1.173/webService/Images/269.jpg'),
('27', 'Charlotte Tilbury Matte Revolution Birkin Brown', '5', '20', 'Create the illusion of fuller, wider lips with my Matte Revolution for lips that look lit from within. It', 1550, 'NEOPENTYL GLYCOL DICAPRYLATE/DICAPRATE, TRIMETHYLOLPROPANE TRIISOSTEARATE, DIMETHICONE, CERA MICROCRISTALLINA (MICROCRYSTALLINE WAX/CIRE MICROCRYSTALLINE), POLYETHYLENE, POLYBUTENE, DIMETHICONE CROSSPOLYMER, SILICA, DICALCIUM PHOSPHATE, ETHYL VANILLIN, CAPRYLIC/CAPRIC TRIGLYCERIDE, TOCOPHEROL, CARTHAMUS TINCTORIUS (SAFFLOWER) SEED OIL, ZEA MAYS (CORN) OIL, PENTAERYTHRITYL TETRA-Dl-t-BUTYL HYDROXYHYDROCINNAMATE, CARICA PAPAYA (PAPAYA) FRUIT EXTRACT, ORCHIS MASCULA FLOWER EXTRACT, BIXA ORELLANA SEED EXTRACT, BHT, TOCOPHERYL ACETATE, TIN OXIDE, [MAY CONTAIN/PEUT CONTENIR (+/-): MICA (CI 77019), TITANIUM DIOXIDE (CI 77891), IRON OXIDES (CI 77491, CI 77492, CI77499), RED 7 LAKE (CI 15850), RED 6 (CI 15850), BLUE 1 LAKE (CI 42090), YELLOW 6 LAKE (CI 15985), YELLOW 5 LAKE (CI 191140), CARMINE (CI 75470)].', 'http://192.168.1.173/webService/Images/27.jpg'),
('270', 'Bobbi Brown Skin Foundation SPF 15, Honey 5', '21', '13', 'A water-based, oil-free foundation that delivers undetectable coverage and a fresh, hydrated glow for the most natural skin-like finish.', 1700, 'n/a', 'http://192.168.1.173/webService/Images/270.jpg'),
('271', 'Bobbi Brown Skin Foundation SPF 15, Cool Honey 5.25', '21', '13', 'A water-based, oil-free foundation that delivers undetectable coverage and a fresh, hydrated glow for the most natural skin-like finish.', 1700, 'n/a', 'http://192.168.1.173/webService/Images/271.jpg'),
('272', 'Bobbi Brown Skin Foundation SPF 15, Warm Honey 5.5', '21', '13', 'A water-based, oil-free foundation that delivers undetectable coverage and a fresh, hydrated glow for the most natural skin-like finish.', 1700, 'n/a', 'http://192.168.1.173/webService/Images/272.jpg'),
('273', 'Bobbi Brown Skin Foundation SPF 15, Golden Honey 5.75 ', '21', '13', 'A water-based, oil-free foundation that delivers undetectable coverage and a fresh, hydrated glow for the most natural skin-like finish.', 1700, 'n/a', 'http://192.168.1.173/webService/Images/273.jpg'),
('274', 'Bobbi Brown Skin Foundation SPF 15, Golden 6', '21', '13', 'A water-based, oil-free foundation that delivers undetectable coverage and a fresh, hydrated glow for the most natural skin-like finish.', 1700, 'n/a', 'http://192.168.1.173/webService/Images/274.jpg'),
('275', 'Bobbi Brown Skin Foundation SPF 15, Cool Golden 6.25 ', '21', '13', 'A water-based, oil-free foundation that delivers undetectable coverage and a fresh, hydrated glow for the most natural skin-like finish.', 1700, 'n/a', 'http://192.168.1.173/webService/Images/275.jpg'),
('276', 'Bobbi Brown Skin Foundation SPF 15, Warm Almond 6.5', '21', '13', 'A water-based, oil-free foundation that delivers undetectable coverage and a fresh, hydrated glow for the most natural skin-like finish.', 1700, 'n/a', 'http://192.168.1.173/webService/Images/276.jpg'),
('277', 'Bobbi Brown Skin Foundation SPF 15, Golden Almond 6.75 ', '21', '13', 'A water-based, oil-free foundation that delivers undetectable coverage and a fresh, hydrated glow for the most natural skin-like finish.', 1700, 'n/a', 'http://192.168.1.173/webService/Images/277.jpg'),
('278', 'Bobbi Brown Skin Foundation SPF 15, Almond 7 ', '21', '13', 'A water-based, oil-free foundation that delivers undetectable coverage and a fresh, hydrated glow for the most natural skin-like finish.', 1700, 'n/a', 'http://192.168.1.173/webService/Images/278.jpg'),
('279', 'Bobbi Brown Skin Foundation SPF 15, Cool Almond 7.25 ', '21', '13', 'A water-based, oil-free foundation that delivers undetectable coverage and a fresh, hydrated glow for the most natural skin-like finish.', 1700, 'n/a', 'http://192.168.1.173/webService/Images/279.jpg'),
('28', 'NARS Audacious Mascara', '6', '8', 'A buildable, all-in-one mascara with an exclusive, lash-catching brush that separates, lengthens, and amplifies.', 1100, '-Humectant from Aspartic Acid: Moisturizes lashes and increases manageability while protecting against breakage and splitting. -Panthenol: Nourishes and soothes. Water, Tribehenin, Peg-40 Stearate, Vp/Eicosene Copolymer, Potassium Cetyl Phosphate, Sorbita', 'http://192.168.1.173/webService/Images/28.jpg'),
('280', 'Bobbi Brown Skin Foundation SPF 15, Warm Walnut 7.5', '21', '13', 'A water-based, oil-free foundation that delivers undetectable coverage and a fresh, hydrated glow for the most natural skin-like finish.', 1700, 'n/a', 'http://192.168.1.173/webService/Images/280.jpg'),
('281', 'Bobbi Brown Skin Foundation SPF 15, Walnut 8', '21', '13', 'A water-based, oil-free foundation that delivers undetectable coverage and a fresh, hydrated glow for the most natural skin-like finish.', 1700, 'n/a', 'http://192.168.1.173/webService/Images/281.jpg'),
('282', 'Bobbi Brown Skin Foundation SPF 15, Cool Walnut 8.25', '21', '13', 'A water-based, oil-free foundation that delivers undetectable coverage and a fresh, hydrated glow for the most natural skin-like finish.', 1700, 'n/a', 'http://192.168.1.173/webService/Images/282.jpg'),
('283', 'Bobbi Brown Skin Foundation SPF 15, Chestnut 9 ', '21', '13', 'A water-based, oil-free foundation that delivers undetectable coverage and a fresh, hydrated glow for the most natural skin-like finish.', 1700, 'n/a', 'http://192.168.1.173/webService/Images/283.jpg'),
('284', 'Bobbi Brown Skin Foundation SPF 15, Espresso 10 ', '21', '13', 'A water-based, oil-free foundation that delivers undetectable coverage and a fresh, hydrated glow for the most natural skin-like finish.', 1700, 'n/a', 'http://192.168.1.173/webService/Images/284.jpg'),
('285', 'Bobbi Brown Skin Foundation SPF 15, Cool Espresso 10.25 ', '21', '13', 'A water-based, oil-free foundation that delivers undetectable coverage and a fresh, hydrated glow for the most natural skin-like finish.', 1700, 'n/a', 'http://192.168.1.173/webService/Images/285.jpg'),
('286', 'Bobbi Brown Skin Foundation Stick, Alabaster 00 ', '21', '13', 'A water-based, oil-free foundation that delivers undetectable coverage and a fresh, hydrated glow for the most natural skin-like finish.', 1700, 'n/a', 'http://192.168.1.173/webService/Images/286.jpg'),
('287', 'Bobbi Brown Skin Foundation Stick, Porcelain 0', '21', '13', 'A water-based, oil-free foundation that delivers undetectable coverage and a fresh, hydrated glow for the most natural skin-like finish.', 1700, 'n/a', 'http://192.168.1.173/webService/Images/287.jpg'),
('288', 'Bobbi Brown Skin Foundation Stick, Ivory 0.75 ', '21', '13', 'A water-based, oil-free foundation that delivers undetectable coverage and a fresh, hydrated glow for the most natural skin-like finish.', 1700, 'n/a', 'http://192.168.1.173/webService/Images/288.jpg'),
('289', 'Bobbi Brown Skin Foundation Stick, Warm Ivory 1\n', '21', '13', 'A water-based, oil-free foundation that delivers undetectable coverage and a fresh, hydrated glow for the most natural skin-like finish.', 1700, 'n/a', 'http://192.168.1.173/webService/Images/289.jpg'),
('29', 'Majolica Majorca Lash King Mascara', '7', '8', 'Majolica Majorca Lash King Mascara contains rich fiber and Volume Up Wax make glossy, pine needle-shaped lashes with abundant volume and length. Strong against humidity, it maintains the lashes', 490, 'n/a', 'http://192.168.1.173/webService/Images/29.jpg'),
('290', 'Bobbi Brown Skin Foundation Stick,  Cool Ivory 1.25', '21', '13', 'A water-based, oil-free foundation that delivers undetectable coverage and a fresh, hydrated glow for the most natural skin-like finish.', 1700, 'n/a', 'http://192.168.1.173/webService/Images/290.jpg'),
('291', 'Bobbi Brown Skin Foundation Stick, Sand 2 ', '21', '13', 'A water-based, oil-free foundation that delivers undetectable coverage and a fresh, hydrated glow for the most natural skin-like finish.', 1700, 'n/a', 'http://192.168.1.173/webService/Images/291.jpg'),
('292', 'Bobbi Brown Skin Foundation Stick, Warm Sand 2.5', '21', '13', 'A water-based, oil-free foundation that delivers undetectable coverage and a fresh, hydrated glow for the most natural skin-like finish.', 1700, 'n/a', 'http://192.168.1.173/webService/Images/292.jpg'),
('293', 'Bobbi Brown Skin Foundation Stick, Cool Sand 2.25 ', '21', '13', 'A foundation stick designed to look and feel like skin that', 1600, 'n/a', 'http://192.168.1.173/webService/Images/293.jpg'),
('294', 'Bobbi Brown Skin Foundation Stick, Beige 3 ', '21', '13', 'A foundation stick designed to look and feel like skin that', 1600, 'n/a', 'http://192.168.1.173/webService/Images/294.jpg'),
('295', 'Bobbi Brown Skin Foundation Stick, Warm Beige 3.5', '21', '13', 'A foundation stick designed to look and feel like skin that', 1600, 'n/a', 'http://192.168.1.173/webService/Images/295.jpg'),
('296', 'Bobbi Brown Skin Foundation Stick, Natural 4 ', '21', '13', 'A foundation stick designed to look and feel like skin that', 1600, 'n/a', 'http://192.168.1.173/webService/Images/296.jpg'),
('297', 'Bobbi Brown Skin Foundation Stick,  Natural Tan 4.25', '21', '13', 'A foundation stick designed to look and feel like skin that', 1600, 'n/a', 'http://192.168.1.173/webService/Images/297.jpg'),
('298', 'Bobbi Brown Skin Foundation Stick, Warm Natural 4.5 ', '21', '13', 'A foundation stick designed to look and feel like skin that', 1600, 'n/a', 'http://192.168.1.173/webService/Images/298.jpg'),
('299', 'Bobbi Brown Skin Foundation Stick, Golden Natural 4.75 ', '21', '13', 'A foundation stick designed to look and feel like skin that', 1600, 'n/a', 'http://192.168.1.173/webService/Images/299.jpg'),
('3', 'LUNASOL Palette Concealer', '1', '12', 'A palette-type concealer that provides natural coverage of dark spots, freckles and uneven skin tones.?Finishing powder adhere 2 different concealer colors which naturally blend with your skin colors and keeps for a long time.', 1050, 'n/a', 'http://192.168.1.173/webService/Images/3.jpg'),
('30', 'Maybelline Instant Age Rewind Concealer', '9', '12', 'Maybelline Instant Age Rewind Eraser Dark Circles Treatment Concealer instantly creates a radiant, refreshed looking eye area. Super concentrated formula with goji berry and haloxyl helps to erase the appearance of dark circles and fine lines, while visibly diminishing the appearance of puffiness around the eyes.', 369, 'Aqua / Water / Eau, Cyclopentasiloxane, Dimethicone, Isododecane, Glycerin, PEG-9 Polydimethylsiloxyethyl Dimethicone, Butylene Glycol, Dimethicone Crosspolymer, Nylon-12, Disteardimonium Hectorite, Cyclohexasiloxane, PEG-10 Dimethicone, Cetyl PEG / PPG-10 / 1 Dimethicone, Phenoxyethanol, Sodium Chloride, Polyglyceryl-4 Isostearate, Caprylyl Glycol, Disodium Stearoyl Glutamate, Ethylhexylglycerin, Methylparaben, Lycium Barbarum Fruit Extract, Chlorphenesin, Ethylparaben, Aluminum Hydroxide, PEG-9, N-Hydroxysuccinimide, Palmitoyl Oligopeptide, Chrysin, Palmitoyl Tetr Apeptide-7. May Contain: CI 77891 / Titanium Dioxide, CI 77491, CI 77492, CI 77499 / Iron Oxides.', 'http://192.168.1.173/webService/Images/31.jpg'),
('300', 'Bobbi Brown Skin Foundation Stick, Honey 5', '21', '13', 'A foundation stick designed to look and feel like skin that', 1600, 'n/a', 'http://192.168.1.173/webService/Images/300.jpg'),
('301', 'Bobbi Brown Skin Foundation Stick, Cool Honey 5.25', '21', '13', 'A foundation stick designed to look and feel like skin that', 1600, 'n/a', 'http://192.168.1.173/webService/Images/301.jpg'),
('302', 'Bobbi Brown Skin Foundation Stick, Warm Honey 5.5', '21', '13', 'A foundation stick designed to look and feel like skin that', 1600, 'n/a', 'http://192.168.1.173/webService/Images/302.jpg'),
('303', 'Bobbi Brown Skin Foundation Stick, Golden Honey 5.75 ', '21', '13', 'A foundation stick designed to look and feel like skin that', 1600, 'n/a', 'http://192.168.1.173/webService/Images/303.jpg'),
('304', 'Bobbi Brown Skin Foundation Stick, Golden 6', '21', '13', 'A foundation stick designed to look and feel like skin that', 1600, 'n/a', 'http://192.168.1.173/webService/Images/304.jpg'),
('305', 'Bobbi Brown Skin Foundation Stick, Cool Golden 6.25 ', '21', '13', 'A foundation stick designed to look and feel like skin that', 1600, 'n/a', 'http://192.168.1.173/webService/Images/305.jpg'),
('306', 'Bobbi Brown Skin Foundation Stick, Warm Almond 6.5', '21', '13', 'A foundation stick designed to look and feel like skin that', 1600, 'n/a', 'http://192.168.1.173/webService/Images/306.jpg'),
('307', 'Bobbi Brown Skin Foundation Stick, Golden Almond 6.75 ', '21', '13', 'A foundation stick designed to look and feel like skin that', 1600, 'n/a', 'http://192.168.1.173/webService/Images/307.jpg'),
('308', 'Bobbi Brown Skin Foundation Stick, Almond 7 ', '21', '13', 'A foundation stick designed to look and feel like skin that', 1600, 'n/a', 'http://192.168.1.173/webService/Images/308.jpg'),
('309', 'Bobbi Brown Skin Foundation Stick, Cool Almond 7.25 ', '21', '13', 'A foundation stick designed to look and feel like skin that', 1600, 'n/a', 'http://192.168.1.173/webService/Images/309.jpg'),
('31', 'Rimmel Match Perfection Powder', '10', '15', 'Rimmel Stay Matte is an oil-absorbing pressed powder that leaves you with a flawless, shine-free complexion. Helps to minimize the appearance of large pores. Dermatologically tested.', 420, 'n/a', 'http://192.168.1.173/webService/Images/32.jpg'),
('310', 'Bobbi Brown Skin Foundation Stick, Warm Walnut 7.5', '21', '13', 'A foundation stick designed to look and feel like skin that', 1600, 'n/a', 'http://192.168.1.173/webService/Images/310.jpg'),
('311', 'Bobbi Brown Skin Foundation Stick, Walnut 8', '21', '13', 'A foundation stick designed to look and feel like skin that', 1600, 'n/a', 'http://192.168.1.173/webService/Images/311.jpg'),
('312', 'Bobbi Brown Skin Foundation Stick, Cool Walnut 8.25', '21', '13', 'A foundation stick designed to look and feel like skin that', 1600, 'n/a', 'http://192.168.1.173/webService/Images/312.jpg'),
('313', 'Bobbi Brown Skin Foundation Stick, Chestnut 9 ', '21', '13', 'A foundation stick designed to look and feel like skin that', 1600, 'n/a', 'http://192.168.1.173/webService/Images/313.jpg'),
('314', 'Bobbi Brown Skin Foundation Stick, Espresso 10 ', '21', '13', 'A foundation stick designed to look and feel like skin that', 1600, 'n/a', 'http://192.168.1.173/webService/Images/314.jpg'),
('315', 'Bobbi Brown Skin Foundation Stick, Cool Espresso 10.25 ', '21', '13', 'A foundation stick designed to look and feel like skin that', 1600, 'n/a', 'http://192.168.1.173/webService/Images/315.jpg'),
('316', 'Bobbi Brown Sheer Finish Pressed Setting Powder, Soft Sand', '21', '15', 'A finely milled, translucent face powder to set foundation and cut excess shine.', 1400, 'n/a', 'http://192.168.1.173/webService/Images/316.jpg'),
('317', 'Bobbi Brown Sheer Finish Pressed Setting Powder, Sunny Beige', '21', '15', 'A finely milled, translucent face powder to set foundation and cut excess shine.', 1400, 'n/a', 'http://192.168.1.173/webService/Images/317.jpg'),
('318', 'Bobbi Brown Sheer Finish Pressed Setting Powder, Warm Natural', '21', '15', 'A finely milled, translucent face powder to set foundation and cut excess shine.', 1400, 'n/a', 'http://192.168.1.173/webService/Images/318.jpg'),
('319', 'Bobbi Brown Sheer Finish Pressed Setting Powder, Pale Yellow', '21', '15', 'A finely milled, translucent face powder to set foundation and cut excess shine.', 1400, 'n/a', 'http://192.168.1.173/webService/Images/319.jpg'),
('32', 'Too Faced Natural Eyes Palette', '2', '2', 'Look naturally gorgeous for any occasion, from everyday to your wedding day. Too Faced\'s best-selling Natural Eyes collection allows you to perfect the most flattering, most requested look in the glamour universe. The palette features nine matte and shimmer shadows in beautiful neutrals ranging from soft and pretty to slightly sexy and three new shades. More To Love: Step-by-Step Instructions: Three, easy-to-follow Glamour Guides teach you everything you need to know to create the perfect Natural Eye for any occasion. Portable: All the shades you need in an easy-to-carry, compact purse-size palette. Rich Pigments: Exclusive true color, pure pigmented eye shadows offer true color payoff. Blendable: Luxurious, silky smooth formula blends effortlessly for an airbrushed effect. Shades: Heaven (new) Cashmere Sexspresso Silk Teddy Push Up Erotica Nudie (new) Honey Pot Chocolate Martini (new)', 1890, 'Cashmere Bunny, Heaven, Sexspresso: Mica, Talc, Cetearyl Isononanoate, Ethylene/Acrylic Acid Copolymer, Phenoxyethanol, Sodium Dehydroacetate, Methicone, PEG-8 Dimethicone, Sorbic Acid. May Contain: Iron Oxides (CI 77491, CI 77492, CI 77499), Manganese Violet (CI 77742), Bismuth Oxychloride (CI 77163), Titanium Dioxide (CI 77891). Chocolate Martini, Erotica: Silica, Talc, Mica, Synthetic Fluorphlogopite, Zinc Stearate, Ethylhexyl Palmitate, Cetearyl Isononanoate, Phenoxyethanol, Sodium Dehydroacetate, Sorbic Acid, Methicone. May Contain: Iron Oxides (CI 77491, CI 77492, CI 77499), Manganese Violet (CI 77742), Titanium Dioxide (CI 77891), Ultramarines (CI 77007). Honey Pot: Mica, Ethylhexyl Palmitate, Talc, Kaolin, Zinc Stearate, Phenoxyethanol, Sodium Dehydroacetate, Silica, Sorbic Acid, Zea Mays (Corn) Starch. May Contain: Titanium Dioxide (CI 77891), Iron Oxides (CI 77491, CI 77499). Push-Up, Silk Teddy: Mica, Talc, Ethylhexyl Palmitate, Zinc Stearate, Kaolin, Phenoxyethanol, Sodium Dehydroacetate, Sorbic Acid, Silica, Zea Mays (Corn) Starch, Tin Oxide, Carmine (CI 75470). May Contain: Titanium Dioxide (CI 77891), Iron Oxides (CI 77491, CI 77492, CI 77499). Manganese Violet (CI 77742), Bismuth Oxychloride (CI 77163), Ferric Ferrocyanide (CI 77510). Nudie: Cetearyl Isononanoate, Talc, Ethylene/Acrylic Acid Copolymer, Phenoxyethanol, Sodium Dehydroacetate, Sorbic Acid, Carmine (CI 75470). May Contain: Titanium Dioxide (CI 77891), Iron Oxides (CI 77491, CI 77492, CI 77499). Manganese Violet (CI 77742), Bismuth Oxychloride (CI 77163).', 'http://192.168.1.173/webService/Images/32.jpg'),
('320', 'Bobbi Brown Skin Weightless Powder Foundation, 1.25 Cool Ivory', '21', '13', 'A long-lasting, lightweight powder foundation with a soft, cashmere-like texture that delivers sheer coverage and a healthy-looking glow', 1700, 'n/a', 'http://192.168.1.173/webService/Images/320.jpg'),
('321', 'Bobbi Brown Skin Weightless Powder Foundation,  0 Porcelain ', '21', '13', 'A long-lasting, lightweight powder foundation with a soft, cashmere-like texture that delivers sheer coverage and a healthy-looking glow', 1700, 'n/a', 'http://192.168.1.173/webService/Images/321.jpg'),
('322', 'Bobbi Brown Skin Weightless Powder Foundation, 1 Warm Ivory -', '21', '13', 'A long-lasting, lightweight powder foundation with a soft, cashmere-like texture that delivers sheer coverage and a healthy-looking glow', 1700, 'n/a', 'http://192.168.1.173/webService/Images/322.jpg'),
('323', 'Bobbi Brown Skin Weightless Powder Foundation, 2 Sand', '21', '13', 'A long-lasting, lightweight powder foundation with a soft, cashmere-like texture that delivers sheer coverage and a healthy-looking glow', 1700, 'n/a', 'http://192.168.1.173/webService/Images/323.jpg'),
('324', 'Bobbi Brown Skin Weightless Powder Foundation, 3 Beige', '21', '13', 'A long-lasting, lightweight powder foundation with a soft, cashmere-like texture that delivers sheer coverage and a healthy-looking glow', 1700, 'n/a', 'http://192.168.1.173/webService/Images/324.jpg'),
('325', 'Bobbi Brown Skin Weightless Powder Foundation, 3.5 Warm Beige ', '21', '13', 'A long-lasting, lightweight powder foundation with a soft, cashmere-like texture that delivers sheer coverage and a healthy-looking glow', 1700, 'n/a', 'http://192.168.1.173/webService/Images/325.jpg'),
('326', 'Bobbi Brown Skin Weightless Powder Foundation, 4 Natural ', '21', '13', 'A long-lasting, lightweight powder foundation with a soft, cashmere-like texture that delivers sheer coverage and a healthy-looking glow', 1700, 'n/a', 'http://192.168.1.173/webService/Images/326.jpg'),
('327', 'Bobbi Brown Skin Weightless Powder Foundation, 4.5 Warm Natural ', '21', '13', 'A long-lasting, lightweight powder foundation with a soft, cashmere-like texture that delivers sheer coverage and a healthy-looking glow', 1700, 'n/a', 'http://192.168.1.173/webService/Images/327.jpg'),
('328', 'Bobbi Brown Skin Weightless Powder Foundation, 5 Honey ', '21', '13', 'A long-lasting, lightweight powder foundation with a soft, cashmere-like texture that delivers sheer coverage and a healthy-looking glow', 1700, 'n/a', 'http://192.168.1.173/webService/Images/328.jpg'),
('329', 'Bobbi Brown Skin Weightless Powder Foundation, 6 Golden ', '21', '13', 'A long-lasting, lightweight powder foundation with a soft, cashmere-like texture that delivers sheer coverage and a healthy-looking glow', 1700, 'n/a', 'http://192.168.1.173/webService/Images/329.jpg'),
('33', 'Maybelline EyeStudio Gel Liner', '9', '4', 'Eyestudio? Lasting Drama? Gel Liner. This waterproof eyeliner has a long-lasting gel formula that achieves dramatic eye looks.', 399, 'CYCLOPENTASILOXANE, POLYPROPYLSILSESQUIOXANE, CERESIN, ISODODECANE, CYCLOHEXASILOXANE, CAPRYLYL METHICONE, SYNTHETIC FLUORPHLOGOPITE, SILICA SILYLATE, DISTEARDIMONIUM HECTORITE, DISODIUM STEAROYL GLUTAMATE, PROPYLENE CARBONATE, CANDELILLA CERA/CANDELILLA WAX/CIRE DE CANDELILLA, CAPRYLYL GLYCOL, ALUMINUM HYDROXIDE, CALCIUM SODIUM BOROSILICATE, CALCIUM ALUMINUM BOROSILICATE, SILICA, TIN OXIDE. [+/- MAY CONTAIN/PEUT CONTENIR: CI 77491, CI 77492, CI 77499/IRON OXIDES, MICA, CI 77891/TITANIUM DIOXIDE, CI 77007/ULTRAMARINES, CI 77510/FERRIC FERROCYANIDE, CI 77288/CHROMIUM OXIDE GREENS, CI 77289/CHROMIUM HYDROXIDE GREEN, CI 77742/MANGANESE VIOLET, CI 42090/BLUE 1 LAKE, CI 19140/YELLOW 5 LAKE, CI 77510/FERRIC AMMONIUM FERROCYANIDE.]', 'http://192.168.1.173/webService/Images/33.jpg'),
('330', 'Bobbi Brown Skin Weightless Powder Foundation, 7 Almond ', '21', '13', 'A long-lasting, lightweight powder foundation with a soft, cashmere-like texture that delivers sheer coverage and a healthy-looking glow', 1700, 'n/a', 'http://192.168.1.173/webService/Images/330.jpg'),
('331', 'Bobbi Brown Skin Weightless Powder Foundation, 8 Walnut ', '21', '13', 'A long-lasting, lightweight powder foundation with a soft, cashmere-like texture that delivers sheer coverage and a healthy-looking glow', 1700, 'n/a', 'http://192.168.1.173/webService/Images/331.jpg'),
('332', 'Bobbi Brown Skin Weightless Powder Foundation, 10 Espresso ', '21', '13', 'A long-lasting, lightweight powder foundation with a soft, cashmere-like texture that delivers sheer coverage and a healthy-looking glow', 1700, 'n/a', 'http://192.168.1.173/webService/Images/332.jpg'),
('333', 'Dior Lip Tattoo, 491 Natural Rosewood', '14', '19', 'A no-transfer lip tint that stains lips with 10-hour, natural-looking color and a weightless, bare-lip sensation.', 1000, 'n/a', 'http://192.168.1.173/webService/Images/333.jpg'),
('334', 'Dior Lip Tattoo, 761 Natural Cherry', '14', '19', 'A no-transfer lip tint that stains lips with 10-hour, natural-looking color and a weightless, bare-lip sensation.', 1000, 'n/a', 'http://192.168.1.173/webService/Images/334.jpg'),
('335', 'Dior Lip Tattoo, 771 Natural Berry', '14', '19', 'A no-transfer lip tint that stains lips with 10-hour, natural-looking color and a weightless, bare-lip sensation.', 1000, 'n/a', 'http://192.168.1.173/webService/Images/335.jpg'),
('336', 'Dior Lip Tattoo, 881 Natural Pink', '14', '19', 'A no-transfer lip tint that stains lips with 10-hour, natural-looking color and a weightless, bare-lip sensation.', 1000, 'n/a', 'http://192.168.1.173/webService/Images/336.jpg'),
('337', 'TOM FORD Patent Finish Lip Color, Erotic', '3', '20', 'A liquid lip color that combines a lip stain with an ultra-glossy finish.', 1800, 'n/a', 'http://192.168.1.173/webService/Images/337.jpg'),
('338', 'TOM FORD Patent Finish Lip Color, Infamy', '3', '20', 'A liquid lip color that combines a lip stain with an ultra-glossy finish.', 1800, 'n/a', 'http://192.168.1.173/webService/Images/338.jpg'),
('339', 'TOM FORD Patent Finish Lip Color, Orchid Fatale', '3', '20', 'A liquid lip color that combines a lip stain with an ultra-glossy finish.', 1800, 'n/a', 'http://192.168.1.173/webService/Images/339.jpg'),
('34', 'Covergirl Full Lash Bloom Mascara', '11', '8', 'Cover Girl Full Lash Bloom Mascara by Lash Blast - Soft, full lashes that are never stiff or brittle. New petal shaped brush and soft, mousse formula, with natural beeswax, brings out every lash. Ophthalmologically tested and suitable for contact lens wearers.', 340, 'Water/Eau, Beeswax/Cire D\'Abeille, Cetearyl Alcohol, Shellac, Copernicia Cerifera (Carnauba) Wax/Cire De Carnauba, Ceteareth-20, Glycerin, Tapioca Starch, Lecithin, Ethylhexylglycerin, Alcohol Denat., Phenoxyethanol, Benzyl Alcohol, Xanthan Gum, Ammonium Hydroxide, Sodium Gluconate May Contain: Titanium Dioxide, Iron Oxides.', 'http://192.168.1.173/webService/Images/34.jpg'),
('340', 'TOM FORD Patent Finish Lip Color, Exposed', '3', '20', 'A liquid lip color that combines a lip stain with an ultra-glossy finish.', 1800, 'n/a', 'http://192.168.1.173/webService/Images/340.jpg'),
('341', 'TOM FORD Patent Finish Lip Color, Ravageur', '3', '20', 'A liquid lip color that combines a lip stain with an ultra-glossy finish.', 1800, 'n/a', 'http://192.168.1.173/webService/Images/341.jpg'),
('342', 'TOM FORD Patent Finish Lip Color, Red Corset', '3', '20', 'A liquid lip color that combines a lip stain with an ultra-glossy finish.', 1800, 'n/a', 'http://192.168.1.173/webService/Images/342.jpg'),
('343', 'TOM FORD Patent Finish Lip Color, Stolen Cherry', '3', '20', 'A liquid lip color that combines a lip stain with an ultra-glossy finish.', 1800, 'n/a', 'http://192.168.1.173/webService/Images/343.jpg'),
('344', 'TOM FORD Patent Finish Lip Color, No Vacancy', '3', '20', 'A liquid lip color that combines a lip stain with an ultra-glossy finish.', 1800, 'n/a', 'http://192.168.1.173/webService/Images/344.jpg'),
('345', 'Dior Addict Ultra-Gloss,  369 Tell me Dior', '14', '16', 'A hydrating lip plumper and gloss all in one.', 1000, 'n/a', 'http://192.168.1.173/webService/Images/345.jpg'),
('346', 'Dior Addict Ultra-Gloss,  363 Nude', '14', '16', 'A hydrating lip plumper and gloss all in one.', 1000, 'n/a', 'http://192.168.1.173/webService/Images/346.jpg'),
('347', 'Dior Addict Ultra-Gloss, 259 Pearl', '14', '16', 'A hydrating lip plumper and gloss all in one.', 1000, 'n/a', 'http://192.168.1.173/webService/Images/347.jpg'),
('348', 'Dior Addict Ultra-Gloss,  785 Diorama', '14', '16', 'A hydrating lip plumper and gloss all in one.', 1000, 'n/a', 'http://192.168.1.173/webService/Images/348.jpg'),
('349', 'Dior Addict Ultra-Gloss,  765 UltraDior', '14', '16', 'A hydrating lip plumper and gloss all in one.', 1000, 'n/a', 'http://192.168.1.173/webService/Images/349.jpg'),
('35', 'L\'Oreal True Match Foundation', '12', '13', 'Formulated with True Match Technology so you can control coverage and fine-tune it. Ultra-pure formula contains no oils, fragrances, or pore-clogging fillers, so all you see is beautiful, radiant, flawless skin. With vitamins A and C, wheat germ and grapefruit extract to keep your skin nourished, protected and healthy.', 399, 'Active Ingredients: Titanium Dioxide 3.1%. Inactive Ingredients: Water, Isododecane, Cyclopentasiloxane, Glycerin, Cyclohexasiloxane, Peg-10 Dimethicone, Polymethyl Methacrylate, Butylene Glycol, Dimethicone, Isoeicosane, Disteardimonium Hectorite, Cetyl Peg/Ppg-10/1 Dimethicone, Sodium Chloride, C9-15 Fluoroalcohol Phosphates, Polyglyceryl 4 Isostearate, Hexyl Laurate, Isostearyl Neopentanoate, Diazolidinyl Urea, Methylparaben, Propylparaben, Tocopherol, Panthenol. May Contain: Iron Oxides, Mica, Titanium Dioxide.', 'http://192.168.1.173/webService/Images/35.jpg'),
('350', 'Dior Addict Ultra-Gloss, 686 Fancy', '14', '16', 'A hydrating lip plumper and gloss all in one.', 1000, 'n/a', 'http://192.168.1.173/webService/Images/350.jpg'),
('351', 'Dior Addict Ultra-Gloss, Everdior', '14', '16', 'A hydrating lip plumper and gloss all in one.', 1000, 'n/a', 'http://192.168.1.173/webService/Images/351.jpg'),
('352', 'Dior Addict Ultra-Gloss, 629 Mirrored', '14', '16', 'A hydrating lip plumper and gloss all in one.', 1000, 'n/a', 'http://192.168.1.173/webService/Images/352.jpg'),
('353', 'Dior Addict Ultra-Gloss, 553 Princess', '14', '16', 'A hydrating lip plumper and gloss all in one.', 1000, 'n/a', 'http://192.168.1.173/webService/Images/353.jpg'),
('354', 'Dior Addict Ultra-Gloss,  465 Shock', '14', '16', 'A hydrating lip plumper and gloss all in one.', 1000, 'n/a', 'http://192.168.1.173/webService/Images/354.jpg'),
('355', 'Dior Addict Ultra-Gloss, 343 Spring Ball', '14', '16', 'A hydrating lip plumper and gloss all in one.', 1000, 'n/a', 'http://192.168.1.173/webService/Images/355.jpg'),
('356', 'Dior Addict Ultra-Gloss, 257 Fantaisie', '14', '16', 'A hydrating lip plumper and gloss all in one.', 1000, 'n/a', 'http://192.168.1.173/webService/Images/356.jpg'),
('357', 'NARS Lip Gloss, Chelsea Girls', '6', '16', 'A moisturizing lip gloss that supports antiaging and imparts long-wearing, sophisticated shine and stunning color for subtle, everyday glamour.', 900, 'n/a', 'http://192.168.1.173/webService/Images/357.jpg'),
('358', 'NARS Lip Gloss, Turkish Delight', '6', '16', 'A moisturizing lip gloss that supports antiaging and imparts long-wearing, sophisticated shine and stunning color for subtle, everyday glamour.', 900, 'n/a', 'http://192.168.1.173/webService/Images/358.jpg'),
('359', 'NARS Lip Gloss, Tasmania ', '6', '16', 'A moisturizing lip gloss that supports antiaging and imparts long-wearing, sophisticated shine and stunning color for subtle, everyday glamour.', 900, 'n/a', 'http://192.168.1.173/webService/Images/359.jpg'),
('36', 'Rimmel Brow This Way Brow Kit', '10', '3', 'Rimmel\'s Brow This Way Brow Sculpting Kit shapes and fills brows for a defined and high impact look. Dermatologist tested.', 390, 'Wax: Polybutene, Ethylhexyl Palmitate, Cera Alba / Beeswax / Cire D\'abeille, Caprylic / Capric Triglyceride, Cera Microcristallina / Microcrystalline Wax / Cire Microcristalline, Copernicia Cerifera Cera / Copernicia Cerifera (Carnauba) Wax / Cire De Carnauba, Talc, Mica, Silica Dimethyl Silylate, Phenoxyethanol, Caprylyl Glycol, Tocopheryl Acetate, Alumina, Glycerin. May Contain: Iron Oxides (CI 77491, CI 77492, CI 77499), Titanium Dioxide (CI 77891). Powder: Mica, Talc, Dimethicone, Caprylic / Capric Triglyceride, Magnesium Stearate, Phenoxyethanol, Caprylyl Glycol, Alumina, Triethoxycaprylylsilane, Silica. May Contain: Iron Oxides (CI 77491, CI 77492, CI 77499), Titanium Dioxide (CI 77891).', 'http://192.168.1.173/webService/Images/36.jpg'),
('360', 'NARS Lip Gloss, Chihuahua ', '6', '16', 'A moisturizing lip gloss that supports antiaging and imparts long-wearing, sophisticated shine and stunning color for subtle, everyday glamour.', 900, 'n/a', 'http://192.168.1.173/webService/Images/360.jpg'),
('361', 'NARS Lip Gloss, Quito ', '6', '16', 'A moisturizing lip gloss that supports antiaging and imparts long-wearing, sophisticated shine and stunning color for subtle, everyday glamour.', 900, 'n/a', 'http://192.168.1.173/webService/Images/361.jpg'),
('362', 'NARS Lip Gloss, Dolce Vita ', '6', '16', 'A moisturizing lip gloss that supports antiaging and imparts long-wearing, sophisticated shine and stunning color for subtle, everyday glamour.', 900, 'n/a', 'http://192.168.1.173/webService/Images/362.jpg'),
('363', 'NARS Lip Gloss, Belize ', '6', '16', 'A moisturizing lip gloss that supports antiaging and imparts long-wearing, sophisticated shine and stunning color for subtle, everyday glamour.', 900, 'n/a', 'http://192.168.1.173/webService/Images/363.jpg'),
('364', 'NARS Lip Gloss, Stolen Kisses ', '6', '16', 'A moisturizing lip gloss that supports antiaging and imparts long-wearing, sophisticated shine and stunning color for subtle, everyday glamour.', 900, 'n/a', 'http://192.168.1.173/webService/Images/364.jpg'),
('365', 'NARS Lip Gloss, Arag?n ', '6', '16', 'A moisturizing lip gloss that supports antiaging and imparts long-wearing, sophisticated shine and stunning color for subtle, everyday glamour.', 900, 'n/a', 'http://192.168.1.173/webService/Images/365.jpg'),
('366', 'NARS Lip Gloss, Striptease ', '6', '16', 'A moisturizing lip gloss that supports antiaging and imparts long-wearing, sophisticated shine and stunning color for subtle, everyday glamour.', 900, 'n/a', 'http://192.168.1.173/webService/Images/366.jpg'),
('367', 'NARS Lip Gloss, Istria ', '6', '16', 'A moisturizing lip gloss that supports antiaging and imparts long-wearing, sophisticated shine and stunning color for subtle, everyday glamour.', 900, 'n/a', 'http://192.168.1.173/webService/Images/367.jpg'),
('368', 'NARS Lip Gloss, Greek Holiday ', '6', '16', 'A moisturizing lip gloss that supports antiaging and imparts long-wearing, sophisticated shine and stunning color for subtle, everyday glamour.', 900, 'n/a', 'http://192.168.1.173/webService/Images/368.jpg'),
('369', 'NARS Lip Gloss, Orgasm ', '6', '16', 'A moisturizing lip gloss that supports antiaging and imparts long-wearing, sophisticated shine and stunning color for subtle, everyday glamour.', 900, 'n/a', 'http://192.168.1.173/webService/Images/369.jpg'),
('37', 'Bourjois Blush shade 34 Rose D\'Or', '13', '10', 'Bourjois\' timeless blusher has been around for almost 150 years and has made Bourjois famous worldwide thanks to its amazing texture and packaging. The baked texture transforms when applied to the skin into an ultra-fine pressed powder, which is easy to apply and blends impeccably. One stroke of the brush reveals the irresistible aroma of the rose scented powder. The built-in mirror and brush is perfect for touch-ups on the go! Directions: For a natural result, smile and apply Bourjois Little Round Pot Blush on your cheekbones with circular movements. Then stretch up to the temples. If you applied to much, don\'t worry; just apply a coat of powder on top of it!', 320, 'n/a', 'http://192.168.1.173/webService/Images/37.jpg'),
('370', 'NARS Lip Gloss, Angelika ', '6', '16', 'A moisturizing lip gloss that supports antiaging and imparts long-wearing, sophisticated shine and stunning color for subtle, everyday glamour.', 900, 'n/a', 'http://192.168.1.173/webService/Images/370.jpg'),
('371', 'NARS Lip Gloss,  Super Orgasm', '6', '16', 'A moisturizing lip gloss that supports antiaging and imparts long-wearing, sophisticated shine and stunning color for subtle, everyday glamour.', 900, 'n/a', 'http://192.168.1.173/webService/Images/371.jpg'),
('372', 'NARS Lip Gloss, Easy Lover', '6', '16', 'A moisturizing lip gloss that supports antiaging and imparts long-wearing, sophisticated shine and stunning color for subtle, everyday glamour.', 900, 'n/a', 'http://192.168.1.173/webService/Images/372.jpg'),
('373', 'NARS Lip Gloss, Risky Business', '6', '16', 'A moisturizing lip gloss that supports antiaging and imparts long-wearing, sophisticated shine and stunning color for subtle, everyday glamour.', 900, 'n/a', 'http://192.168.1.173/webService/Images/373.jpg'),
('374', 'NARS Lip Gloss, Supervixen ', '6', '16', 'A moisturizing lip gloss that supports antiaging and imparts long-wearing, sophisticated shine and stunning color for subtle, everyday glamour.', 900, 'n/a', 'http://192.168.1.173/webService/Images/374.jpg'),
('375', 'Dior Addict Lip Maximizer Plumping Gloss, Pink 001', '14', '18', 'Dior\'s must-have accessory for luscious, full lips.', 1100, 'n/a', 'http://192.168.1.173/webService/Images/375.jpg'),
('376', 'Dior Addict Lip Maximizer Plumping Gloss, Apricot 002 ', '14', '18', 'Dior\'s must-have accessory for luscious, full lips.', 1100, 'n/a', 'http://192.168.1.173/webService/Images/376.jpg'),
('377', 'Dior Addict Lip Maximizer Plumping Gloss, Beige Sunrise 006', '14', '18', 'Dior\'s must-have accessory for luscious, full lips.', 1100, 'n/a', 'http://192.168.1.173/webService/Images/377.jpg'),
('378', 'Dior Cr?me de Rose Smoothing Plumping Lip Balm', '14', '18', 'A smoothing, plumping lip balm with SPF 10.', 1000, 'n/a', 'http://192.168.1.173/webService/Images/378.jpg'),
('379', 'Lanc?me LE LIPSTIQUE - Lip Colouring Stick with Brush, Bronzelle', '8', '17', 'Two tools in one: a soft, creamy, waterproof pencil for gorgeous, professional-looking lips on one end; and a brush for blending on the other.', 900, 'n/a', 'http://192.168.1.173/webService/Images/379.jpg'),
('38', 'DiorShow Iconic Overcurl Mascara', '14', '8', 'A revolutionary mascara with a curved brush that offers spectacular volume and curling power.', 1400, 'n/a', 'http://192.168.1.173/webService/Images/38.jpg'),
('380', 'Lanc?me LE LIPSTIQUE - Lip Colouring Stick with Brush, Ideal', '8', '17', 'Two tools in one: a soft, creamy, waterproof pencil for gorgeous, professional-looking lips on one end; and a brush for blending on the other.', 900, 'n/a', 'http://192.168.1.173/webService/Images/380.jpg'),
('381', 'Lanc?me LE LIPSTIQUE - Lip Colouring Stick with Brush, Natural Mauve', '8', '17', 'Two tools in one: a soft, creamy, waterproof pencil for gorgeous, professional-looking lips on one end; and a brush for blending on the other.', 900, 'n/a', 'http://192.168.1.173/webService/Images/381.jpg'),
('382', 'Lanc?me LE LIPSTIQUE - Lip Colouring Stick with Brush, Portelle', '8', '17', 'Two tools in one: a soft, creamy, waterproof pencil for gorgeous, professional-looking lips on one end; and a brush for blending on the other.', 900, 'n/a', 'http://192.168.1.173/webService/Images/382.jpg'),
('383', 'Lanc?me LE LIPSTIQUE - Lip Colouring Stick with Brush, Sheer Raspberry', '8', '17', 'Two tools in one: a soft, creamy, waterproof pencil for gorgeous, professional-looking lips on one end; and a brush for blending on the other.', 900, 'n/a', 'http://192.168.1.173/webService/Images/383.jpg'),
('384', 'Lanc?me LE LIPSTIQUE - Lip Colouring Stick with Brush, Sheer Natural', '8', '17', 'Two tools in one: a soft, creamy, waterproof pencil for gorgeous, professional-looking lips on one end; and a brush for blending on the other.', 900, 'n/a', 'http://192.168.1.173/webService/Images/384.jpg'),
('385', 'Lanc?me LE LIPSTIQUE - Lip Colouring Stick with Brush, Amandelle', '8', '17', 'Two tools in one: a soft, creamy, waterproof pencil for gorgeous, professional-looking lips on one end; and a brush for blending on the other.', 900, 'n/a', 'http://192.168.1.173/webService/Images/385.jpg'),
('386', 'Laura Mercier Lip Pencil, Naked', '19', '17', 'A perfectly textured, wooden lip liner pencil designed to outline, define, and enhance the natural shape of lips.', 850, 'n/a', 'http://192.168.1.173/webService/Images/386.jpg'),
('387', 'Laura Mercier Lip Pencil, Ruby ', '19', '17', 'A perfectly textured, wooden lip liner pencil designed to outline, define, and enhance the natural shape of lips.', 850, 'n/a', 'http://192.168.1.173/webService/Images/387.jpg'),
('388', 'Laura Mercier Lip Pencil, Chestnut ', '19', '17', 'A perfectly textured, wooden lip liner pencil designed to outline, define, and enhance the natural shape of lips.', 850, 'n/a', 'http://192.168.1.173/webService/Images/388.jpg'),
('389', 'Laura Mercier Lip Pencil, Plumberry ', '19', '17', 'A perfectly textured, wooden lip liner pencil designed to outline, define, and enhance the natural shape of lips.', 850, 'n/a', 'http://192.168.1.173/webService/Images/389.jpg');
INSERT INTO `product` (`product_id`, `product_name`, `brand_id`, `categories_id`, `description`, `product_price`, `ingredient`, `product_img`) VALUES
('39', 'Rimmel 16hr Provocalips shade 500 Kiss Me You Fool', '10', '20', 'Rimmel\'s Provocalips 16 Hour Kiss Proof Lip Colour is an exclusive 2 step product that locks in vibrant color for 16 hours. It\'s so incredibly lightweight and flexible that it adapts to the movement of your lips. These seductively rich shades bring out that femme fatale in you! Wow color, incredible shine and zero trace!', 250, 'Color: Isododecane, Trimethylsiloxysilicate, Dimethicone, C9-13 Isoparaffin, Disteardimonium Hectorite, Barium Sulfate / CI 77120, Aluminum Hydroxide, Propylene Carbonate, Silica, Propylparaben, Phenoxyethanol, Tin Oxide, Benzoic Acid, Calcium Aluminum Borosilicate. May Contain: Mica, Titanium Dioxide (CI 77891), Iron Oxides (CI 77491, CI 77492, CI 77499), D & C Red No. 28 (CI 45410), D & C Red No. 36 (CI 12085), D & C Red No. 7 Calcium Lake (CI 15850), Bismuth Oxychloride (CI 77163), Carmine (CI 75470). Top Coat: Ricinus Communis (Castor) Seed Oil, Cera Alba / Beeswax / Cire D\'abeille, Pentaerythrityl Stearate / Caprate / Caprylate / Adipate, Tocopheryl Acetate, Parfum / Fragrance, Propylparaben, Alcohol, Isopropyl Myristate, Tocopherol, Caprylic / Capric Triglyceride, Ascorbyl Palmitate, Ascorbic Acid, Citric Acid, BHT.', 'http://192.168.1.173/webService/Images/39.jpg'),
('390', 'Laura Mercier Lip Pencil, Potpourri ', '19', '17', 'A perfectly textured, wooden lip liner pencil designed to outline, define, and enhance the natural shape of lips.', 850, 'n/a', 'http://192.168.1.173/webService/Images/390.jpg'),
('391', 'Laura Mercier Lip Pencil, Red Chocolate', '19', '17', 'A perfectly textured, wooden lip liner pencil designed to outline, define, and enhance the natural shape of lips.', 850, 'n/a', 'http://192.168.1.173/webService/Images/391.jpg'),
('392', 'Laura Mercier Lip Pencil, Deep Wine', '19', '17', 'A perfectly textured, wooden lip liner pencil designed to outline, define, and enhance the natural shape of lips.', 850, 'n/a', 'http://192.168.1.173/webService/Images/392.jpg'),
('393', 'Laura Mercier Lip Pencil, True Red', '19', '17', 'A perfectly textured, wooden lip liner pencil designed to outline, define, and enhance the natural shape of lips.', 850, 'n/a', 'http://192.168.1.173/webService/Images/393.jpg'),
('394', 'Laura Mercier Lip Pencil, Crushed Berry', '19', '17', 'A perfectly textured, wooden lip liner pencil designed to outline, define, and enhance the natural shape of lips.', 850, 'n/a', 'http://192.168.1.173/webService/Images/394.jpg'),
('395', 'Laura Mercier Lip Pencil, Baby Lips', '19', '17', 'A perfectly textured, wooden lip liner pencil designed to outline, define, and enhance the natural shape of lips.', 850, 'n/a', 'http://192.168.1.173/webService/Images/395.jpg'),
('396', 'Laura Mercier Lip Pencil, Natural', '19', '17', 'A perfectly textured, wooden lip liner pencil designed to outline, define, and enhance the natural shape of lips.', 850, 'n/a', 'http://192.168.1.173/webService/Images/396.jpg'),
('397', 'Laura Mercier Lip Pencil, Punch', '19', '17', 'A perfectly textured, wooden lip liner pencil designed to outline, define, and enhance the natural shape of lips.', 850, 'n/a', 'http://192.168.1.173/webService/Images/397.jpg'),
('398', 'Laura Mercier Lip Pencil, Grenadine', '19', '17', 'A perfectly textured, wooden lip liner pencil designed to outline, define, and enhance the natural shape of lips.', 850, 'n/a', 'http://192.168.1.173/webService/Images/398.jpg'),
('399', 'Laura Mercier Lip Pencil, Cassis', '19', '17', 'A perfectly textured, wooden lip liner pencil designed to outline, define, and enhance the natural shape of lips.', 850, 'n/a', 'http://192.168.1.173/webService/Images/399.jpg'),
('4', 'LUNASOL Eyelid Base', '1', '1', 'A makeup base for eyelids that removes dullness and enhances the coloration and durability of eye shadow. A brighter color has been added to the existing basic colors Choose a color depending on the skin tones and the daily makeup. Contains beauty essence ingredients.', 890, 'n/a', 'http://192.168.1.173/webService/Images/4.jpg'),
('40', 'Maybelline New York Eye Studio Master Precise Liquid Eyeliner, Black, 0.037 fl. Oz.', '9', '4', 'Experience a brighter idea in concealers. Dream lumi touch highlighting concealer\'s gel-based formula diffuses light like no other, so it illuminates as it covers imperfections, for instantly brighter looking skin.', 200, 'Aqua/Water/Eau, Butylene Glycol, Peg-60 Hydrogenated Castor Oil, Styrene/Acrylates/Ammonium Methacrylate Copolymer, Coco-Glucoside, Phenoxyethanol, Potassium Sorbate, Citric Acid, Disodium Edta, Sodium L Aureth-12 Sulfate, Trisodium Edta, Methylparaben, Propylparaben, Iodopropynyl Butylcarbamate. [+/- May Contain/Peut Contenir: Ci 7266/Black 2]', 'http://192.168.1.173/webService/Images/40.jpg'),
('400', 'Bobbi Brown Art Stick, Bare ', '21', '17', 'A two-in-one color in an on-the-go package that delivers a punch of color to lips.', 950, 'n/a', 'http://192.168.1.173/webService/Images/400.jpg'),
('401', 'Bobbi Brown Art Stick, Rich Nude', '21', '17', 'A two-in-one color in an on-the-go package that delivers a punch of color to lips.', 950, 'n/a', 'http://192.168.1.173/webService/Images/401.jpg'),
('402', 'Bobbi Brown Art Stick, Brown Berry', '21', '17', 'A two-in-one color in an on-the-go package that delivers a punch of color to lips.', 950, 'n/a', 'http://192.168.1.173/webService/Images/402.jpg'),
('403', 'Bobbi Brown Art Stick, Dusty Pink', '21', '17', 'A two-in-one color in an on-the-go package that delivers a punch of color to lips.', 950, 'n/a', 'http://192.168.1.173/webService/Images/403.jpg'),
('404', 'Bobbi Brown Art Stick, Electric Pink', '21', '17', 'A two-in-one color in an on-the-go package that delivers a punch of color to lips.', 950, 'n/a', 'http://192.168.1.173/webService/Images/404.jpg'),
('405', 'Bobbi Brown Art Stick, Bright Raspberry', '21', '17', 'A two-in-one color in an on-the-go package that delivers a punch of color to lips.', 950, 'n/a', 'http://192.168.1.173/webService/Images/405.jpg'),
('406', 'Bobbi Brown Art Stick, Sunset Orange ', '21', '17', 'A two-in-one color in an on-the-go package that delivers a punch of color to lips.', 950, 'n/a', 'http://192.168.1.173/webService/Images/406.jpg'),
('407', 'Bobbi Brown Art Stick, Cassis ', '21', '17', 'A two-in-one color in an on-the-go package that delivers a punch of color to lips.', 950, 'n/a', 'http://192.168.1.173/webService/Images/407.jpg'),
('408', 'Bobbi Brown Art Stick, Rose Brown ', '21', '17', 'A two-in-one color in an on-the-go package that delivers a punch of color to lips.', 950, 'n/a', 'http://192.168.1.173/webService/Images/408.jpg'),
('409', 'Bobbi Brown Art Stick, Harlow Red ', '21', '17', 'A two-in-one color in an on-the-go package that delivers a punch of color to lips.', 950, 'n/a', 'http://192.168.1.173/webService/Images/409.jpg'),
('41', 'Stila Stay All Day Waterproof Liquid Eye Liner', '15', '4', 'Finally a waterproof liquid liner that glides on with ease won\'t smudge or run, and stays in place until you say when! The thin marker-like tip is easy to use even for the least experienced, and delivers a defined thin line to a dramatic bold line with precision. Goes on smoothly without skipping, smudging, or pulling, and lasts all day!', 749, 'n/a', 'http://192.168.1.173/webService/Images/41.jpg'),
('410', 'Bobbi Brown Art Stick, Cherrywood ', '21', '17', 'A two-in-one color in an on-the-go package that delivers a punch of color to lips.', 950, 'n/a', 'http://192.168.1.173/webService/Images/410.jpg'),
('411', 'Urban Decay Ultimate Ozone Multipurpose Primer Pencil', '18', '21', 'A clear, creamy, and long-lasting primer pencil with a thick barrel.', 600, 'n/a', 'http://192.168.1.173/webService/Images/411.jpg'),
('412', 'TOM FORD Lip Color,  Warm Sable', '3', '20', 'A high-pigment, satin lipstick with the power to define a woman', 1800, 'n/a', 'http://192.168.1.173/webService/Images/412.jpg'),
('413', 'TOM FORD Lip Color, Sable Smoke', '3', '20', 'A high-pigment, satin lipstick with the power to define a woman', 1800, 'n/a', 'http://192.168.1.173/webService/Images/413.jpg'),
('414', 'TOM FORD Lip Color,  Blush Nude', '3', '20', 'A high-pigment, satin lipstick with the power to define a woman', 1800, 'n/a', 'http://192.168.1.173/webService/Images/414.jpg'),
('415', 'TOM FORD Lip Color, Nude Vanille', '3', '20', 'A high-pigment, satin lipstick with the power to define a woman', 1800, 'n/a', 'http://192.168.1.173/webService/Images/415.jpg'),
('416', 'TOM FORD Lip Color, Sweet Mystery', '3', '20', 'A high-pigment, satin lipstick with the power to define a woman', 1800, 'n/a', 'http://192.168.1.173/webService/Images/416.jpg'),
('417', 'TOM FORD Lip Color, Guilty Pleasure', '3', '20', 'A high-pigment, satin lipstick with the power to define a woman', 1800, 'n/a', 'http://192.168.1.173/webService/Images/417.jpg'),
('418', 'TOM FORD Lip Color, Misbehaved', '3', '20', 'A high-pigment, satin lipstick with the power to define a woman', 1800, 'n/a', 'http://192.168.1.173/webService/Images/418.jpg'),
('419', 'TOM FORD Lip Color, Naked Coral', '3', '20', 'A high-pigment, satin lipstick with the power to define a woman', 1800, 'n/a', 'http://192.168.1.173/webService/Images/419.jpg'),
('42', 'L\'Oreal Paris Voluminous Original Mascara, Carbon Black, 0.26 Fluid Ounce', '12', '8', 'Voluminous Original Mascara is uniquely formulated to resist clumping and build lashes up to 5X their natural thickness. The Volume Maximizing Brush thickens lashes evenly and smoothly, leaving them soft with virtually no flakes for a full and dramatic look. Clump-resistant. Fragrance-free. Ophthalmologist-tested and allergy-tested. Suitable for sensitive eyes and contact lens wearers.', 200, 'Aqua/Water/Eau, Paraffin, Cyclopentasiloxane, Cera Alba/Beeswax/Cire D\'Abeille, Stearic Acid, Triethanolamine, Acacia/Acacia Senegal Gum, Carnauba/Carnauba Wax/Cire De Carnauba, Palmitic Acid, Dimethiconol, Hydroxyethycellulose, Panthenol, Imidazolidinyl Urea, Sodium Polymethacrylate, Methylparaben, PEG/PPG-17/18 Dimethicone, 2-Oleamido-1,3-Octadecanediol, Propylparaben, Simethicone, BHT, Polyquaternium-10. May Contain: [CI 77492, CI 77499, CI 77491/Iron Oxides, CI 77007/Ultramarines, CI 77891/Titanium Dioxide, CI 77266/Black 2, MICA, CI 75470/Carmine, CI 77510/Ferric Ferrocyanide, CI 77288/Chromium Oxide Greens, CI 77289/Chromium Hydroxide Green].', 'http://192.168.1.173/webService/Images/42.jpg'),
('420', 'TOM FORD Lip Color, Twist of Fate', '3', '20', 'A high-pigment, satin lipstick with the power to define a woman', 1800, 'n/a', 'http://192.168.1.173/webService/Images/420.jpg'),
('421', 'TOM FORD Lip Color, Bare Peach', '3', '20', 'A high-pigment, satin lipstick with the power to define a woman', 1800, 'n/a', 'http://192.168.1.173/webService/Images/421.jpg'),
('422', 'TOM FORD Lip Color, Spanish Pink', '3', '20', 'A high-pigment, satin lipstick with the power to define a woman', 1800, 'n/a', 'http://192.168.1.173/webService/Images/422.jpg'),
('423', 'TOM FORD Lip Color, Pink Dusk', '3', '20', 'A high-pigment, satin lipstick with the power to define a woman', 1800, 'n/a', 'http://192.168.1.173/webService/Images/423.jpg'),
('424', 'TOM FORD Lip Color, Something Wild', '3', '20', 'A high-pigment, satin lipstick with the power to define a woman', 1800, 'n/a', 'http://192.168.1.173/webService/Images/424.jpg'),
('425', 'TOM FORD Lip Color, Forbidden Pink', '3', '20', 'A high-pigment, satin lipstick with the power to define a woman', 1800, 'n/a', 'http://192.168.1.173/webService/Images/425.jpg'),
('426', 'TOM FORD Lip Color, Indian Rose', '3', '20', 'A high-pigment, satin lipstick with the power to define a woman', 1800, 'n/a', 'http://192.168.1.173/webService/Images/426.jpg'),
('427', 'TOM FORD Lip Color,  Seventh Sin', '3', '20', 'A high-pigment, satin lipstick with the power to define a woman', 1800, 'n/a', 'http://192.168.1.173/webService/Images/427.jpg'),
('428', 'TOM FORD Lip Color, Violet Fatale', '3', '20', 'A high-pigment, satin lipstick with the power to define a woman', 1800, 'n/a', 'http://192.168.1.173/webService/Images/428.jpg'),
('429', 'TOM FORD Lip Color, Lilac Nymph', '3', '20', 'A high-pigment, satin lipstick with the power to define a woman', 1800, 'n/a', 'http://192.168.1.173/webService/Images/429.jpg'),
('43', 'L\'Oreal Paris Infallible Super Slim Liquid Eyeliner, Black, 0.034 oz.', '12', '4', 'Enjoy flawlessly clean lines as precise as 0.4mm with The Super Slim by Infallible Never Fail. The ultra-fine felt tip gives you total control, delivering the perfect amount of liner. The intense quick dry 12 HR formula glides on smoothly with continuous and even flow. In one stroke create sleek and sophisticated eyes. Skip-proof Drag-proof Smudge-proof Ophthalmologist-tested Suitable for sensitive eyes and contact lens wearers.', 250, 'n/a', 'http://192.168.1.173/webService/Images/43.jpg'),
('430', 'TOM FORD Lip Color, Virgin Rose', '3', '20', 'A high-pigment, satin lipstick with the power to define a woman', 1800, 'n/a', 'http://192.168.1.173/webService/Images/430.jpg'),
('431', 'TOM FORD Lip Color, Flash of Pink', '3', '20', 'A high-pigment, satin lipstick with the power to define a woman', 1800, 'n/a', 'http://192.168.1.173/webService/Images/431.jpg'),
('432', 'TOM FORD Lip Color, Showgirl', '3', '20', 'A high-pigment, satin lipstick with the power to define a woman', 1800, 'n/a', 'http://192.168.1.173/webService/Images/432.jpg'),
('433', 'TOM FORD Lip Color, Flamingo', '3', '20', 'A high-pigment, satin lipstick with the power to define a woman', 1800, 'n/a', 'http://192.168.1.173/webService/Images/433.jpg'),
('434', 'TOM FORD Lip Color, Cherry Lush', '3', '20', 'A high-pigment, satin lipstick with the power to define a woman', 1800, 'n/a', 'http://192.168.1.173/webService/Images/434.jpg'),
('435', 'TOM FORD Lip Color, Scarlet Rouge', '3', '20', 'A high-pigment, satin lipstick with the power to define a woman', 1800, 'n/a', 'http://192.168.1.173/webService/Images/435.jpg'),
('436', 'TOM FORD Lip Color, True Coral', '3', '20', 'A high-pigment, satin lipstick with the power to define a woman', 1800, 'n/a', 'http://192.168.1.173/webService/Images/436.jpg'),
('437', 'TOM FORD Lip Color, Wild Ginger', '3', '20', 'A high-pigment, satin lipstick with the power to define a woman', 1800, 'n/a', 'http://192.168.1.173/webService/Images/437.jpg'),
('438', 'TOM FORD Lip Color, Sunset Blvd', '3', '20', 'A high-pigment, satin lipstick with the power to define a woman', 1800, 'n/a', 'http://192.168.1.173/webService/Images/438.jpg'),
('439', 'TOM FORD Lip Color,  Casablanca', '3', '20', 'A high-pigment, satin lipstick with the power to define a woman', 1800, 'n/a', 'http://192.168.1.173/webService/Images/439.jpg'),
('44', 'Maybelline New York Eye Studio Lasting Drama Gel Eyeliner, Blackest Black, 0.106 oz.', '9', '4', 'The most intense line for lasting drama. Eye studio lasting drama gel eyeliner holds highly concentrated pigments in a clear gel base, so color is more intense and lines resist wear for 24 hours. Smudge proof and waterproof.', 220, 'n/a', 'http://192.168.1.173/webService/Images/44.jpg'),
('440', 'TOM FORD Lip Color,  Smoke Red', '3', '20', 'A high-pigment, satin lipstick with the power to define a woman', 1800, 'n/a', 'http://192.168.1.173/webService/Images/440.jpg'),
('441', 'TOM FORD Lip Color,  Dark and Stormy', '3', '20', 'A high-pigment, satin lipstick with the power to define a woman', 1800, 'n/a', 'http://192.168.1.173/webService/Images/441.jpg'),
('442', 'TOM FORD Lip Color, Bruised Plum', '3', '20', 'A high-pigment, satin lipstick with the power to define a woman', 1800, 'n/a', 'http://192.168.1.173/webService/Images/442.jpg'),
('443', 'TOM FORD Lip Color, Casino', '3', '20', 'A high-pigment, satin lipstick with the power to define a woman', 1800, 'n/a', 'http://192.168.1.173/webService/Images/443.jpg'),
('444', 'TOM FORD Lip Color, So Vain', '3', '20', 'A high-pigment, satin lipstick with the power to define a woman', 1800, 'n/a', 'http://192.168.1.173/webService/Images/444.jpg'),
('445', 'NARS Lipstick, Catfight ', '6', '20', 'A pure, creamy lipstick formula for bold color.', 950, 'n/a', 'http://192.168.1.173/webService/Images/445.jpg'),
('446', 'NARS Lipstick, Schiap ', '6', '20', 'A pure, creamy lipstick formula for bold color.', 950, 'n/a', 'http://192.168.1.173/webService/Images/446.jpg'),
('447', 'NARS Lipstick,  Funny Face', '6', '20', 'A pure, creamy lipstick formula for bold color.', 950, 'n/a', 'http://192.168.1.173/webService/Images/447.jpg'),
('448', 'NARS Lipstick,  Shanghai Express', '6', '20', 'A pure, creamy lipstick formula for bold color.', 950, 'n/a', 'http://192.168.1.173/webService/Images/448.jpg'),
('449', 'NARS Lipstick, Red Lizard', '6', '20', 'A pure, creamy lipstick formula for bold color.', 950, 'n/a', 'http://192.168.1.173/webService/Images/449.jpg'),
('45', 'Maybelline New York The Nudes Eye Shadow Palette, 0.34 oz.', '9', '2', 'This 12-shade eye shadow palette features dazzling colors. From bold beiges and sultry sands to brazen bronzes and tempting taupes, this makeup palette is perfect for creating versatile eye makeup looks. ', 425, 'G3311/2: TALC, TRIISOSTEARIN, HYDROGENATED POLYDECENE, MAGNESIUM STEARATE, SYNTHETIC WAX, CALCIUM SODIUM BOROSILICATE, HDI/TRIMETHYLOL HEXYLLACTONE CROSSPOLYMER, SYNTHETIC FLUORPHLOGOPITE, CAPRYLYL GLYCOL, SILICA, CALCIUM ALUMINUM BOROSILICATE, PERLITE, TIN OXIDE, ALUMINA, MAGNESIUM SILICATE, [+/- MAY CONTAIN / PEUT CONTENIR, MICA, CI 77891 / TITANIUM DIOXIDE, CI 77491, CI 77492, CI 77499 / IRON OXIDES, CI 77400 / BRONZE POWDER, CI 77742 / MANGANESE VIOLET, CI 77000 / ALUMINUM POWDER, CI 77007 / ULTRAMARINES, CI 77163 / BISMUTH OXYCHLORIDE, CI 75470 / CARMINE, CI 77510 / FERRIC FERROCYANIDE, CI 19140 / YELLOW 5 LAKE, CI 77510 / FERRIC AMMONIUM FERROCYANIDE, CI 77400 / COPPER POWDER, CI 77288 / CHROMIUM OXIDE GREENS, CI 16035 / RED 40 LAKE, CI 42090 / BLUE 1 LAKE], D130837/5.', 'http://192.168.1.173/webService/Images/45.jpg'),
('450', 'NARS Lipstick, Fire Down Below', '6', '20', 'A pure, creamy lipstick formula for bold color.', 950, 'n/a', 'http://192.168.1.173/webService/Images/450.jpg'),
('451', 'NARS Lipstick, Jungle Red', '6', '20', 'A pure, creamy lipstick formula for bold color.', 950, 'n/a', 'http://192.168.1.173/webService/Images/451.jpg'),
('452', 'NARS Lipstick, Scarlet Empress', '6', '20', 'A pure, creamy lipstick formula for bold color.', 950, 'n/a', 'http://192.168.1.173/webService/Images/452.jpg'),
('453', 'NARS Lipstick, Heat Wave', '6', '20', 'A pure, creamy lipstick formula for bold color.', 950, 'n/a', 'http://192.168.1.173/webService/Images/453.jpg'),
('454', 'NARS Lipstick, Pigalle ', '6', '20', 'A pure, creamy lipstick formula for bold color.', 950, 'n/a', 'http://192.168.1.173/webService/Images/454.jpg'),
('455', 'NARS Lipstick, Sexual Healing', '6', '20', 'A pure, creamy lipstick formula for bold color.', 950, 'n/a', 'http://192.168.1.173/webService/Images/455.jpg'),
('456', 'NARS Lipstick, Shrinagar', '6', '20', 'A pure, creamy lipstick formula for bold color.', 950, 'n/a', 'http://192.168.1.173/webService/Images/456.jpg'),
('457', 'NARS Lipstick, Honolulu Honey', '6', '20', 'A pure, creamy lipstick formula for bold color.', 950, 'n/a', 'http://192.168.1.173/webService/Images/457.jpg'),
('458', 'NARS Lipstick, Belle de Jour', '6', '20', 'A pure, creamy lipstick formula for bold color.', 950, 'n/a', 'http://192.168.1.173/webService/Images/458.jpg'),
('459', 'NARS Lipstick, Cruising', '6', '20', 'A pure, creamy lipstick formula for bold color.', 950, 'n/a', 'http://192.168.1.173/webService/Images/459.jpg'),
('46', 'Maybelline Eye Shadow Palette Blushed Nudes', '9', '2', 'Curated from backstage runways, our blushed nude palette has 12 tried-and-tested, perfectly complementary shades in Maybelline\'s expertly known formulas. Specially positioned to work in 2s,3s & 4s, & a mix of light to dark, matte to shimmer, Maybelline shows you how to create infinite blushed nude looks in one palette. At work, on the go, or out with the girls', 425, 'n/a', 'http://192.168.1.173/webService/Images/46.jpg'),
('460', 'NARS Lipstick, Roman Holiday', '6', '20', 'A pure, creamy lipstick formula for bold color.', 950, 'n/a', 'http://192.168.1.173/webService/Images/460.jpg'),
('461', 'NARS Lipstick, Barbarella', '6', '20', 'A pure, creamy lipstick formula for bold color.', 950, 'n/a', 'http://192.168.1.173/webService/Images/461.jpg'),
('462', 'NARS Lipstick, Niagara', '6', '20', 'A pure, creamy lipstick formula for bold color.', 950, 'n/a', 'http://192.168.1.173/webService/Images/462.jpg'),
('463', 'NARS Lipstick, Dolce Vita', '6', '20', 'A pure, creamy lipstick formula for bold color.', 950, 'n/a', 'http://192.168.1.173/webService/Images/463.jpg'),
('464', 'NARS Lipstick, Tolede', '6', '20', 'A pure, creamy lipstick formula for bold color.', 950, 'n/a', 'http://192.168.1.173/webService/Images/464.jpg'),
('465', 'NARS Lipstick, Tanganyka', '6', '20', 'A pure, creamy lipstick formula for bold color.', 950, 'n/a', 'http://192.168.1.173/webService/Images/465.jpg'),
('466', 'NARS Lipstick, Damage', '6', '20', 'A pure, creamy lipstick formula for bold color.', 950, 'n/a', 'http://192.168.1.173/webService/Images/466.jpg'),
('467', 'NARS Lipstick, Gipsy', '6', '20', 'A pure, creamy lipstick formula for bold color.', 950, 'n/a', 'http://192.168.1.173/webService/Images/467.jpg'),
('468', 'NARS Lipstick, Afghan Red', '6', '20', 'A pure, creamy lipstick formula for bold color.', 950, 'n/a', 'http://192.168.1.173/webService/Images/468.jpg'),
('469', 'NARS Lipstick, Fast Ride', '6', '20', 'A pure, creamy lipstick formula for bold color.', 950, 'n/a', 'http://192.168.1.173/webService/Images/469.jpg'),
('47', 'Maybelline New York The Falsies Volum\' Express Washable Mascara, Blackest Black, 0.25 Fluid Ounce', '9', '8', 'It\'s not mascara, it\'s false lash glam in a tube. Patented spoon brush and pro-keratin fiber formula instantly build 8x more volume without clumping. Unique flexible wand helps lift and separate, to provide the look of 3x more lashes. You will find lashes you didn\'t even know you had.', 180, 'Glutamic Acid, 2 Oleamido 1,3 Octadecanediol, Silica, Panthenol, May Contain (+/-): Iron Oxides (CI 77499, 77491, 77492), Ultramarines (CI 77007), Titanium Dioxide (CI 77891), Mica, Carmine (CI 75470) (CI 75470), Chromium Oxide Green (CI 77288), Chromium Hydroxide Green (CI 77289) (CI 77288), Manganese Violet (CI 77742), Ferric Ammonium Ferrocyanide (CI 77510) (CI 77510)', 'http://192.168.1.173/webService/Images/47.jpg'),
('470', 'NARS Lipstick, Rosecliff', '6', '20', 'A pure, creamy lipstick formula for bold color.', 950, 'n/a', 'http://192.168.1.173/webService/Images/470.jpg'),
('471', 'NARS Lipstick, Banned Red', '6', '20', 'A pure, creamy lipstick formula for bold color.', 950, 'n/a', 'http://192.168.1.173/webService/Images/471.jpg'),
('472', 'NARS Lipstick, Orgasm', '6', '20', 'A pure, creamy lipstick formula for bold color.', 950, 'n/a', 'http://192.168.1.173/webService/Images/472.jpg'),
('473', 'NARS Lipstick, Falbala', '6', '20', 'A pure, creamy lipstick formula for bold color.', 950, 'n/a', 'http://192.168.1.173/webService/Images/473.jpg'),
('474', 'NARS Lipstick, Dressed to Kill', '6', '20', 'A pure, creamy lipstick formula for bold color.', 950, 'n/a', 'http://192.168.1.173/webService/Images/474.jpg'),
('475', 'Laura Mercier Mineral Pressed Powder, Soft Porcelain ', '19', '13', 'An oil-free, pressed powder foundation that', 1400, 'n/a', 'http://192.168.1.173/webService/Images/475.jpg'),
('476', 'Laura Mercier Mineral Pressed Powder, Real Sand ', '19', '13', 'An oil-free, pressed powder foundation that', 1400, 'n/a', 'http://192.168.1.173/webService/Images/476.jpg'),
('477', 'Laura Mercier Mineral Pressed Powder, Natural Beige ', '19', '13', 'An oil-free, pressed powder foundation that', 1400, 'n/a', 'http://192.168.1.173/webService/Images/477.jpg'),
('478', 'Laura Mercier Mineral Pressed Powder, Rich Vanilla ', '19', '13', 'An oil-free, pressed powder foundation that', 1400, 'n/a', 'http://192.168.1.173/webService/Images/478.jpg'),
('479', 'Laura Mercier Mineral Pressed Powder, Classic Beige ', '19', '13', 'An oil-free, pressed powder foundation that', 1400, 'n/a', 'http://192.168.1.173/webService/Images/479.jpg'),
('48', 'Etude House Drawing Eye Brow, No.1 Dark Brown, 0.2 Ounce', '16', '3', 'Feature Triangular shape of the Angle using. Clean and delicate eyebrows. Vitamin E ingredients cintained. Moisturizing,A soft touch. Directing your own personality. Blend of pigments and base. HOW TO USE 1.Pencil of each according to the desired shape of the eyebrows by drawing lines. 2.Pencil brush using a natural finish.', 140, 'n/a', 'http://192.168.1.173/webService/Images/48.jpg'),
('480', 'Laura Mercier Mineral Pressed Powder, Golden Suntan ', '19', '13', 'An oil-free, pressed powder foundation that', 1400, 'n/a', 'http://192.168.1.173/webService/Images/480.jpg'),
('481', 'NARS Soft Velvet Loose Powder, Snow ', '6', '15', 'A lightweight, loose powder that can be worn alone or applied as a makeup setting powder.', 1300, 'n/a', 'http://192.168.1.173/webService/Images/481.jpg'),
('482', 'NARS Soft Velvet Loose Powder, Flesh ', '6', '15', 'A lightweight, loose powder that can be worn alone or applied as a makeup setting powder.', 1300, 'n/a', 'http://192.168.1.173/webService/Images/482.jpg'),
('483', 'NARS Soft Velvet Loose Powder, Desert ', '6', '15', 'A lightweight, loose powder that can be worn alone or applied as a makeup setting powder.', 1300, 'n/a', 'http://192.168.1.173/webService/Images/483.jpg'),
('484', 'NARS Soft Velvet Loose Powder, Eden ', '6', '15', 'A lightweight, loose powder that can be worn alone or applied as a makeup setting powder.', 1300, 'n/a', 'http://192.168.1.173/webService/Images/484.jpg'),
('485', 'NARS Soft Velvet Loose Powder, Beach ', '6', '15', 'A lightweight, loose powder that can be worn alone or applied as a makeup setting powder.', 1300, 'n/a', 'http://192.168.1.173/webService/Images/485.jpg'),
('486', 'NARS Soft Velvet Loose Powder, Mountain ', '6', '15', 'A lightweight, loose powder that can be worn alone or applied as a makeup setting powder.', 1300, 'n/a', 'http://192.168.1.173/webService/Images/486.jpg'),
('487', 'NARS Soft Velvet Loose Powder, Heat ', '6', '15', 'A lightweight, loose powder that can be worn alone or applied as a makeup setting powder.', 1300, 'n/a', 'http://192.168.1.173/webService/Images/487.jpg'),
('488', 'NARS Soft Velvet Loose Powder, Valley ', '6', '15', 'A lightweight, loose powder that can be worn alone or applied as a makeup setting powder.', 1300, 'n/a', 'http://192.168.1.173/webService/Images/488.jpg'),
('489', 'NARS Light Reflecting Loose Setting Powder, Translucent Crystal', '6', '15', 'A weightless, translucent powder for all skin tones that creates a soft matte finish that looks luminous in any light.', 1300, 'n/a', 'http://192.168.1.173/webService/Images/489.jpg'),
('49', 'Etude House Drawing Eye Brow #2 grey brown', '16', '3', 'Feature Triangular shape of the Angle using. Clean and delicate eyebrows. Vitamin E ingredients cintained. Moisturizing,A soft touch. Directing your own personality. Blend of pigments and base. HOW TO USE 1.Pencil of each according to the desired shape of the eyebrows by drawing lines. 2.Pencil brush using a natural finish.', 140, 'n/a', 'http://192.168.1.173/webService/Images/49.jpg'),
('490', 'Diorskin Forever & Ever Control Extreme Perfection Matte Finish Invisible Loose Setting Powder', '14', '15', 'A loose setting powder that provides an air-whipped texture in a universal shade, leaving a weightless finish and a long-lasting matte result.', 1800, 'n/a', 'http://192.168.1.173/webService/Images/490.jpg'),
('491', 'stila Heaven\'s Hue Highlighter, Transcendence ', '15', '11', 'A natural-looking, radiance-enhancing highlighter with a unique texture and a barely-there feel.', 1100, 'n/a', 'http://192.168.1.173/webService/Images/491.jpg'),
('492', 'stila Heaven\'s Hue Highlighter, Kitten ', '15', '11', 'A natural-looking, radiance-enhancing highlighter with a unique texture and a barely-there feel.', 1100, 'n/a', 'http://192.168.1.173/webService/Images/492.jpg'),
('493', 'stila Heaven\'s Hue Highlighter, Bronze ', '15', '11', 'A natural-looking, radiance-enhancing highlighter with a unique texture and a barely-there feel.', 1100, 'n/a', 'http://192.168.1.173/webService/Images/493.jpg'),
('494', 'Hourglass Ambient? Lighting Bronzer, Luminous Bronze Light ', '20', '11', 'An illuminating bronzer with Photoluminescent Technology, featuring bronze pigments that deliver a natural-looking, sunkissed glow while flaunting depth and dimension.', 1700, 'n/a', 'http://192.168.1.173/webService/Images/494.jpg'),
('495', 'Hourglass Ambient? Lighting Bronzer, Radiant Bronze Light ', '20', '11', 'An illuminating bronzer with Photoluminescent Technology, featuring bronze pigments that deliver a natural-looking, sunkissed glow while flaunting depth and dimension.', 1700, 'n/a', 'http://192.168.1.173/webService/Images/495.jpg'),
('496', 'Hourglass Ambient? Lighting Bronzer, Nude Bronze Light ', '20', '11', 'An illuminating bronzer with Photoluminescent Technology, featuring bronze pigments that deliver a natural-looking, sunkissed glow while flaunting depth and dimension.', 1700, 'n/a', 'http://192.168.1.173/webService/Images/496.jpg'),
('497', 'Hourglass Ambient? Lighting Bronzer, Diffused Bronze Light ', '20', '11', 'An illuminating bronzer with Photoluminescent Technology, featuring bronze pigments that deliver a natural-looking, sunkissed glow while flaunting depth and dimension.', 1700, 'n/a', 'http://192.168.1.173/webService/Images/497.jpg'),
('498', 'NYX JUMBO EYE PENCIL, STRAWBERRY MILK', '17', '7', 'A radiant eye liner that also doubles as an eye shadow. Made with a blend of mineral oil and powder our creamy Jumbo Eye Pencils glide on effortlessly', 150, 'n/a', 'http://192.168.1.173/webService/Images/498.jpg'),
('499', 'NYX JUMBO EYE PENCIL, RUST', '17', '7', 'A radiant eye liner that also doubles as an eye shadow. Made with a blend of mineral oil and powder our creamy Jumbo Eye Pencils glide on effortlessly', 150, 'n/a', 'http://192.168.1.173/webService/Images/499.png'),
('5', 'LUNASOL Brow Styling Compact N', '1', '3', 'The eyebrow powder that creates natural, three-dimensional eyebrows has been improved. Creates natural-looking eyebrows with depth by adding the nuance color to three light and dark colors.', 1300, 'n/a', 'http://192.168.1.173/webService/Images/5.jpg'),
('50', 'Maybelline New York The 24K Nudes Eyeshadow Palette, 0.34 Ounce', '9', '2', 'Fashioned for flash! This 12-shade eyeshadow palette features dazzling colors infused with metallic gold pigments. From sparkling gold and shimmering nude to gilded smoke and aubergine spark, this makeup palette is perfect for creating versatile eye looks.', 425, 'G3311 2 MAYB EXPERT WEAR ES RENO HIGH PEARL INGREDIENTS TALC TRIISOSTEARIN HYDROGENATED POLYDECENE MAGNESIUM STEARATE SYNTHETIC WAX CALCIUM SODIUM BOROSILICATE SYNTHETIC FLUORPHLOGOPITE HDI/TRIMETHYLOL HEXYLLACTONE CROSSPOLYMER CAPRYLYL GLYCOL SILICA CALCIUM ALUMINUM BOROSILICATE ALUMINA PERLITE TIN OXIDE MAGNESIUM SILICATE [+/- MAY CONTAIN / PEUT CONTENIR MICA CI 77891 / TITANIUM DIOXIDE CI 77491, CI 77492, CI 77499 / IRON OXIDES CI 77400 / BRONZE POWDER CI 77007 / ULTRAMARINES CI 77742 / MANGANESE VIOLET CI 77000 / ALUMINUM POWDER CI 75470 / CARMINE CI 77163 / BISMUTH OXYCHLORIDE CI 77510 / FERRIC FERROCYANIDE CI 19140 / YELLOW 5 LAKE CI 77288 / CHROMIUM OXIDE GREENS CI 42090 / BLUE 1 LAKE CI 77510 / FERRIC AMMONIUM FERROCYANIDE CI 77400 / COPPER POWDER ] F.I.L. D172880/3 G3490 EXPERTWEAR MONO RENOVATION EYESHADOW INGREDIENTS TALC SYNTHETIC FLUORPHLOGOPITE CAPRYLIC/CAPRIC TRIGLYCERIDE MAGNESIUM STEARATE PTFE ETHYLENE/ACRYLIC ACID COPOLYMER CALCIUM ALUMINUM BOROSILICATE SILICA CALCIUM SODIUM BOROSILICATE ALUMINA CAPRYLYL GLYCOL TIN OXIDE POLYBUTYLENE TEREPHTHALATE MAGNESIUM SILICATE ETHYLENE/VA COPOLYMER ACRYLATES COPOLYMER [+/- MAY CONTAIN / PEUT CONTENIR CI 77491, CI 77492, CI 77499 / IRON OXIDES MICA CI 77007 / ULTRAMARINES CI 77891 / TITANIUM DIOXIDE CI 75470 / CARMINE CI 77510 / FERRIC FERROCYANIDE CI 42090 / BLUE 1 LAKE CI 77742 / MANGANESE VIOLET CI 19140 / YELLOW 5 LAKE CI 77400 / BRONZE POWDER CI 77000 / ALUMINUM POWDER CI 77163 / BISMUTH OXYCHLORIDE CI 77400 / COPPER POWDER CI 77510 / FERRIC AMMONIUM FERROCYANIDE CI 77288 / CHROMIUM OXIDE GREENS ] F.I.L. D186292/1', 'http://192.168.1.173/webService/Images/50.jpg'),
('500', 'NYX JUMBO EYE PENCIL, CUCUMBER', '17', '7', 'A radiant eye liner that also doubles as an eye shadow. Made with a blend of mineral oil and powder our creamy Jumbo Eye Pencils glide on effortlessly', 150, 'n/a', 'http://192.168.1.173/webService/Images/500.png'),
('501', 'NYX JUMBO EYE PENCIL, LIME', '17', '7', 'A radiant eye liner that also doubles as an eye shadow. Made with a blend of mineral oil and powder our creamy Jumbo Eye Pencils glide on effortlessly', 150, 'n/a', 'http://192.168.1.173/webService/Images/501.png'),
('502', 'NYX JUMBO EYE PENCIL, HORSERADISH', '17', '7', 'A radiant eye liner that also doubles as an eye shadow. Made with a blend of mineral oil and powder our creamy Jumbo Eye Pencils glide on effortlessly', 150, 'n/a', 'http://192.168.1.173/webService/Images/502.png'),
('503', 'NYX JUMBO EYE PENCIL, ROCKY MOUNTAIN GREEN', '17', '7', 'A radiant eye liner that also doubles as an eye shadow. Made with a blend of mineral oil and powder our creamy Jumbo Eye Pencils glide on effortlessly', 150, 'n/a', 'http://192.168.1.173/webService/Images/503.png'),
('504', 'NYX JUMBO EYE PENCIL, SPARKLE GREEN', '17', '7', 'A radiant eye liner that also doubles as an eye shadow. Made with a blend of mineral oil and powder our creamy Jumbo Eye Pencils glide on effortlessly', 150, 'n/a', 'http://192.168.1.173/webService/Images/504.png'),
('505', 'NYX JUMBO EYE PENCIL, BABY BLUE', '17', '7', 'A radiant eye liner that also doubles as an eye shadow. Made with a blend of mineral oil and powder our creamy Jumbo Eye Pencils glide on effortlessly', 150, 'n/a', 'http://192.168.1.173/webService/Images/505.png'),
('506', 'NYX JUMBO EYE PENCIL, ELECTRIC BLUE', '17', '7', 'A radiant eye liner that also doubles as an eye shadow. Made with a blend of mineral oil and powder our creamy Jumbo Eye Pencils glide on effortlessly', 150, 'n/a', 'http://192.168.1.173/webService/Images/506.png'),
('507', 'NYX JUMBO EYE PENCIL, PEACOCK', '17', '7', 'A radiant eye liner that also doubles as an eye shadow. Made with a blend of mineral oil and powder our creamy Jumbo Eye Pencils glide on effortlessly', 150, 'n/a', 'http://192.168.1.173/webService/Images/507.png'),
('508', 'NYX JUMBO EYE PENCIL, COBALT', '17', '7', 'A radiant eye liner that also doubles as an eye shadow. Made with a blend of mineral oil and powder our creamy Jumbo Eye Pencils glide on effortlessly', 150, 'n/a', 'http://192.168.1.173/webService/Images/508.png'),
('509', 'NYX JUMBO EYE PENCIL, OYSTER', '17', '7', 'A radiant eye liner that also doubles as an eye shadow. Made with a blend of mineral oil and powder our creamy Jumbo Eye Pencils glide on effortlessly', 150, 'n/a', 'http://192.168.1.173/webService/Images/509.png'),
('51', 'Maybelline New York The Rock Nudes Palette, 0.35 Ounce', '9', '2', 'Edited for edge, from heavy metal to quietly quartz, dare to rock nude.', 425, 'G953703 INGREDIENTS: TALC MAGNESIUM STEARATE DIMETHICONE ETHYLHEXYL PALMITATE POLYISOBUTENE SYNTHETIC WAX ALUMINA SYNTHETIC FLUORPHLOGOPITE PHENOXYETHANOL PARAFFINUM LIQUIDUM / MINERAL OIL / HUILE MINERALE TIN OXIDE ETHYLHEXYLGLYCERIN [+/- MAY CONTAIN / PEUT CONTENIR MICA CI 77891 / TITANIUM DIOXIDE CI 77491, CI 77492, CI 77499 / IRON OXIDES CI 75470 / CARMINE CI 77007 / ULTRAMARINES CI 77266 / BLACK 2 CI 77510 / FERRIC AMMONIUM FERROCYANIDE CI 77742 / MANGANESE VIOLET CI 42090 / BLUE 1 LAKE ] F.I.L. D179438/1', 'http://192.168.1.173/webService/Images/51.jpg'),
('52', 'Etude House Drawing Eye Brow #3 Brown', '16', '3', 'Feature Triangular shape of the Angle using. Clean and delicate eyebrows. Vitamin E ingredients cintained. Moisturizing,A soft touch. Directing your own personality. Blend of pigments and base. HOW TO USE 1.Pencil of each according to the desired shape of the eyebrows by drawing lines. 2.Pencil brush using a natural finish.', 140, 'n/a', 'http://192.168.1.173/webService/Images/52.jpg'),
('53', 'Etude House Drawing Eye Brow #4 dark grey', '16', '3', 'Feature Triangular shape of the Angle using. Clean and delicate eyebrows. Vitamin E ingredients cintained. Moisturizing,A soft touch. Directing your own personality. Blend of pigments and base. HOW TO USE 1.Pencil of each according to the desired shape of the eyebrows by drawing lines. 2.Pencil brush using a natural finish.', 140, 'n/a', 'http://192.168.1.173/webService/Images/53.jpg'),
('54', 'Etude House Drawing Eye Brow, No.5 Grey, 0.2 Ounce', '16', '3', 'Feature Triangular shape of the Angle using. Clean and delicate eyebrows. Vitamin E ingredients cintained. Moisturizing,A soft touch. Directing your own personality. Blend of pigments and base. HOW TO USE 1.Pencil of each according to the desired shape of the eyebrows by drawing lines. 2.Pencil brush using a natural finish.', 140, 'n/a', 'http://192.168.1.173/webService/Images/54.jpg'),
('55', 'Etude House Drawing Eye Brow #6 Black', '16', '3', 'Feature Triangular shape of the Angle using. Clean and delicate eyebrows. Vitamin E ingredients cintained. Moisturizing,A soft touch. Directing your own personality. Blend of pigments and base. HOW TO USE 1.Pencil of each according to the desired shape of the eyebrows by drawing lines. 2.Pencil brush using a natural finish.', 140, 'n/a', 'http://192.168.1.173/webService/Images/55.jpg'),
('56', 'Etude House Oh My Eye Line AD no.1 Black', '16', '4', 'Size: 5ml Oh m\'Eye Line is a liquid eye liner that provides sexy eye lines! Long lasting without smudging Distinct & matte finish look Subtle pearl highlights for refined eyes', 170, 'n/a', 'http://192.168.1.173/webService/Images/56.jpg'),
('57', 'NYX Eyebrow Cake Powder, Dark Brown/Brown', '17', '3', 'Create perfect brows with our eyebrow cake powder! This eyebrow kit includes wax, tools and a pair of complementary powders, dark brown and brown, which can be customized to create the ideal shade. Each eyebrow cake powder kit includes a slanted brush and a round wand to shape, style and tame eyebrows.', 200, 'n/a', 'http://192.168.1.173/webService/Images/57.jpg'),
('58', 'Too Faced Better Than Sex Mascara 0.27 Ounce Full Size', '2', '8', 'Unique Peptides for the deepest, intense black possible Film-forming Polymer for smudge-proof, all day wear One coat and lashes are full, defined and stretched to unbelievable lengths With Acacia Senegal Tree Extract to nourish, thicken and lock curl in place Two coats and they are reaching unbelievable heights of drama.', 970, 'Water/aqua/eau, Synthetic Beeswax, Paraffin, Glyceryl Stearate, Acacia Senegal Gum, Butylene Glycol, Oryza Sativa (Rice) Bran Wax, Stearic Acid, Palmitic Acid, Polybutene, VP/Eicosene Copolymer, Cera Carnauba/Copernicia Cerifera (Carnauba) Wax/Cire de carnauba, Aminomethyl Propanol, Glycerin, Ethylhexylglycerin, Hydroxyethylcellulose, Disodium EDTA, Polyester-11, PVP, Cellulose, Trimethylpentanediol/Adipic Acid/Glycerin Crosspolymer, Propylene Glycol, Acacia Senegal Gum Extract, Potassium Sorbate, Dextran, Acetyl Hexapeptide-1. May Contain/Peut Contenir/(+/-): Iron Oxides (CI 77499), Black 2 (CI 77266), Ultramarines (CI 77007). *Vegan-friendly *Formulated without parabens', 'http://192.168.1.173/webService/Images/58.jpg'),
('59', 'Maybelline New York Volum\' Express Pumped Up! Colossal Washable Mascara, Glam Black, 0.33 fl. oz.', '9', '8', 'Pumped up volume up to 16x with the first double-shot brush that scoops up an extra shot of plumping formula for the most pumped up volumizing lashes ever. Lashes go bigger, bolder, more extreme with Maybelline New York Volum\' Express Pumped Up. Colossal Washable Mascara.', 180, 'INGREDIENTS AQUA / WATER / EAU PARAFFIN POTASSIUM CETYL PHOSPHATE ACRYLATES COPOLYMER CERA ALBA / BEESWAX / CIRE DABEILLE COPERNICIA CERIFERA CERA / CARNAUBA WAX / CIRE DE CARNAUBA ETHYLENE/ACRYLIC ACID COPOLYMER STEARETH-2 CETYL ALCOHOL CARTHAMUS TINCTORIUS OIL / SAFFLOWER SEED OIL PHENOXYETHANOL HYDROXYETHYLCELLULOSE ACACIA SENEGAL / ACACIA SENEGAL GUM ETHYLENEDIAMINE/STEARYL DIMER DILINOLEATE COPOLYMER SODIUM DEHYDROACETATE CAPRYLYL GLYCOL HYDROGENATED JOJOBA OIL HYDROGENATED PALM OIL PROPYLENE GLYCOL DISODIUM EDTA SOLUBLE COLLAGEN SILICA [+/- MAY CONTAIN / PEUT CONTENIR CI 77491, CI 77492, CI 77499 / IRON OXIDES CI 77007 / ULTRAMARINES CI 77891 / TITANIUM DIOXIDE MICA CI 75470 / CARMINE CI 77288 / CHROMIUM OXIDE GREENS CI 77742 / MANGANESE VIOLET CI 77510 / FERRIC FERROCYANIDE ] ALCOHOL DENAT., ETHYLHEXYL METHOXYCINNAMATE, DIMETHICONE C ROS S P O LYME R , I S ODODE C A N E , I S O NON Y L I S O N O N A NOAT E , POLYURETHANE-2, MENTHYL LACTATE, DISTEARDIMONIUM HECTORITE, P O L Y M E T H Y L M E T H A C R Y L A T E , P H E N O X Y E T H A N O L , P E G - 9 POLYDIMETHYLSILOXYETHYL DIMETHICONE, ACRYLATES/C10-30 ALKYL ACRYLATE CROSSPOLYMER, SODIUM HYDROXIDE, DISODIUM STEAROYL GLUTAMATE, ETHYLHEXYLGLYCERIN, CARNOSINE, SODIUM DEHYDROACETATE, PEG-12 DIMETHICONE, DISODIUM EDTA, LYCIUM BARBARUM FRUIT EXTRACT, CHLORPHENESIN, PVP, ACRYLATES COPOLYMER, TOCOPHEROL, ASCORBYL, PALMITATE, PANTHENOL, POTASSIUM SORBATE, ALUMINUM HYDROXIDE, CITRIC ACID, PEG-9, GLUTAMYLAMIDOETHYL INDOLE, ACETYL HEXAPEPTIDE-1, DEXTRAN. [+/- MAY CONTAIN/PEUT CONTENIR: CI 77891/TITANIUM DIOXIDE, CI 77491, CI 77492, CI 77499/IRON OXIDES, M NEW/NOUVEAU ICA]. F.I.L. D53756/1', 'http://192.168.1.173/webService/Images/59.jpg'),
('6', 'LUNASOL Shading Cheeks', '1', '11', 'This set contains one blush, one case and one application brush. A three-color shading set that creates natural deep nuances and dimensions on the face. With a color design that naturally blends with the skin like shadows this product beautifully accentuates individual facial contours to create a sleek look by combining and blending the colors.', 1250, 'n/a', 'http://192.168.1.173/webService/Images/6.jpg'),
('60', 'Maybelline New York Volum\' Express The Colossal Big Shot Washable Mascara, Blackest Black, 0.33 fl. oz.', '9', '8', 'Unleash girl boss lashes with Colossal Big Shot, for fully loaded volume in one coat. 8 out of 10 saw root to tip volume instantly. The Big Shot brush features unique, wavy bristles that cradle lashes, while the collagen formula delivers bold volume. Ophthalmologist tested. Suitable for contact lens wearers.', 180, 'G684469 INGREDIENTS: AQUA / WATER / EAU PARAFFIN POTASSIUM CETYL PHOSPHATE COPERNICIA CERIFERA CERA / CARNAUBA WAX / CIRE DE CARNAUBA ETHYLENE/ACRYLIC ACID COPOLYMER STYRENE/ACRYLATES/AMMONIUM METHACRYLATE COPOLYMER CERA ALBA / BEESWAX / CIRE DABEILLE SYNTHETIC BEESWAX BIS-DIGLYCERYL POLYACYLADIPATE-2 POLYBUTENE CETYL ALCOHOL STEARETH-20 GLYCERYL DIBEHENATE STEARETH-2 PHENOXYETHANOL HYDROXYETHYLCELLULOSE ACACIA SENEGAL GUM TRIBEHENIN CAPRYLYL GLYCOL GLYCERYL BEHENATE SODIUM DEHYDROACETATE HYDROGENATED JOJOBA OIL HYDROGENATED PALM OIL DISODIUM EDTA BUTYLENE GLYCOL SODIUM LAURETH SULFATE STEARYL ALCOHOL MYRISTYL ALCOHOL TETRASODIUM EDTA PROPYLENE GLYCOL POTASSIUM SORBATE SILICA SOLUBLE COLLAGEN BHT TRISODIUM EDTA [+/- MAY CONTAIN / PEUT CONTENIR CI 77491, CI 77492, CI 77499 / IRON OXIDES CI 77007 / ULTRAMARINES CI 77891 / TITANIUM DIOXIDE MICA CI 75470 / CARMINE CI 77288 / CHROMIUM OXIDE GREENS CI 77742 / MANGANESE VIOLET CI 77510 / FERRIC FERROCYANIDE ] F.I.L. D188888/3', 'http://192.168.1.173/webService/Images/60.jpg'),
('61', 'L\'Oreal Paris Voluminous Million Lashes Mascara, Blackest Black, 0.3 Fluid Ounce', '12', '8', 'For lashes that look a million times multiplied and perfectly defined, there', 230, 'Aqua / Water / Eau ; Paraffin ; Potassium Cetyl Phosphate ; Cera Alba / Beeswax / ; Cire Dabeille ; Cera Carnauba / Carnauba Wax / Cire De Carnauba ; Acacia Senegal / ; Acacia Senegal Gum ; Glycerin ; Cetyl Alcohol ; Hydroxyethylcellulose ; Phenoxyethanol ; Peg/Ppg-17/18 Dimethicone ; Steareth-20 ; Phenethyl Alcohol ;Sodium Polymethacrylate ; Propylene Glycol ; Hydrogenated Jojoba Oil ; Hydrogenated Palm Oil ; Pentaerythrityl Tetraisostearate ; Disodium Edta ; Polyquaternium-10 ; Soluble Collagen ; Silica ; Panthenol ; Silica Dimethyl ; Silylate ; Sodium Chondroitin Sulfate ; Atelocollagen', 'http://192.168.1.173/webService/Images/61.jpg'),
('62', 'Maybelline New York Lash Sensational Mascara, Very Black, 0.32 Fluid Ounce', '9', '8', 'Lash Sensational Mascara from Maybelline New York. Our first patented fanning brush with 10 layers of bristles reveals a full flourish of lashes. Liquid Ink formula coats from all sides. For a sensational full fan effect.', 230, 'AQUA / WATER / EAU PROPYLENE GLYCOL STYRENE/ACRYLATES/AMMONIUM METHACRYLATE COPOLYMER POLYURETHANE-35 CERA ALBA / BEESWAX / CIRE DABEILLE SYNTHETIC FLUORPHLOGOPITE GLYCERYL STEARATE CETYL ALCOHOL PEG-200 GLYCERYL STEARATE ETHYLENEDIAMINE/STEARYL DIMER DILINOLEATE COPOLYMER COPERNICIA CERIFERA CERA / CARNAUBA WAX / CIRE DE CARNAUBA STEARIC ACID PALMITIC ACID ETHYLENE/VA COPOLYMER ALCOHOL DENAT. PARAFFIN AMINOMETHYL PROPANEDIOL GLYCERIN HYDROXYETHYLCELLULOSE PHENOXYETHANOL CAPRYLYL GLYCOL BUTYLENE GLYCOL XANTHAN GUM SODIUM LAURETH SULFATE DISODIUM EDTA TETRASODIUM EDTA PENTAERYTHRITYL TETRA-DI-T-BUTYL HYDROXYHYDROCINNAMATE SILICA [+/- MAY CONTAIN / PEUT CONTENIR CI 77491, CI 77492, CI 77499 / IRON OXIDES CI 77007 / ULTRAMARINES CI 77891 / TITANIUM DIOXIDE MICA CI 75470 / CARMINE CI 77288 / CHROMIUM OXIDE GREENS CI 77742 / MANGANESE VIOLET CI 77510 / FERRIC FERROCYANIDE ]', 'http://192.168.1.173/webService/Images/62.jpg'),
('63', 'COVERGIRL LashBlast Volume Mascara Very Black 800, .44 oz', '11', '8', 'Turn up the volume with COVERGIRL LashBlast Volume Mascara. See the difference as it gives you 10x more volume instantly, thanks to the volume-boosting formula for dramatic volume. Best of all, it does not smear and is touchable, so your lush, volumized lashes last all day long.', 200, 'n/a', 'http://192.168.1.173/webService/Images/63.jpg'),
('64', 'COVERGIRL Perfect Point PLUS Eyeliner Black Onyx 200, .008 oz', '11', '4', 'The pencil gives you control and versatility. Want a precise line? It glides on easily. Want to soften a bit? There\'s a soft smudger tip. Best of all? No sharpening necessary, it\'s got a specially designed self-sharpener inside. So you always get the point-perfectly.', 150, 'n/a', 'http://192.168.1.173/webService/Images/64.jpg'),
('65', 'Rimmel Scandaleyes Waterproof Kohl Kajal Liner, Black, 0.04 Fluid Ounce', '10', '4', 'Long lasting shocking color intensity with kohl. Britannia high intensity color for an instant color impact. Ultra smooth and creamy formula that glides on easily. Waterproof, smudge-proof, sweat-proof, heat-proof, humidity-proof and scandal- proof. Dermatologist and ophthalmologist tested. Safe for sensitive eyes.', 170, 'n/a', 'http://192.168.1.173/webService/Images/65.jpg'),
('66', 'Rimmel Glam\'Eyes Precise Design Liquid Eyeliner, Black Glamour [001] 0.12 oz (Pack of 4)', '10', '4', 'For the most up to date information, we recommend you visit the manufacturer website for the best product details, including ingredients, hazards, directions and warnings. This product offering is for 4 Retail Package', 700, 'n/a', 'http://192.168.1.173/webService/Images/66.jpg'),
('67', 'Rimmel London Glam Eyes Eye Liner Professional LiquidLiner 002 Brown Velvet', '10', '4', 'Rimmel glam\'eyes eye liner comes in three great colours that are so easy to wear you\'ll wonder how you ever managed without them before. The fantastic professional brush helps to reduce smudges and smears leaving absolutley nothing but the sharpest of lines behind.', 700, 'n/a', 'http://192.168.1.173/webService/Images/67.jpg'),
('68', 'Rimmel London 1000 Kisses Lip Liner - Cappuccino', '10', '4', 'Rimmel London 1000 Kisses Lip Liner is a good way to make your lips look more beautiful. It\'s a long-wear wood pencil, which you can comfortably wear up to 8 hours. Its soft, creamy surface slides precisely along the lips, without any pull or drag.', 170, 'n/a', 'http://192.168.1.173/webService/Images/68.jpg'),
('69', 'Rimmel Scandaleyes Curved Brush Mascara, Black, 0.41 Fluid Ounce', '10', '8', 'Lash Trap. Deny-Gravity brush is 50% larger, covering the whole lash line. Triple collagen + keratin formula indicts and plumps even the thinnest and weakest lashes. 12x more volume and 70% more lift for plump lashes that will defy gravity.', 240, 'n/a', 'http://192.168.1.173/webService/Images/69.jpg'),
('7', 'LUNASOL Line Styling Eyeliner', '1', '4', 'A twist-type eyeliner that adds depth to the eyes with defined coloration. A multi-proof type eyeliner that is resistant to perspiration, water and sebum. The attached applicator tip can be used to blur the line for a more natural finish.', 890, 'n/a', 'http://192.168.1.173/webService/Images/7.jpg'),
('70', 'Anastasia Beverly Hills - Darkside Waterproof Gel Liner', '4', '4', 'Ultra-pigmented gel cream pencil with a slim, retractable tip. The waterproof formula is long-wearing for intense, liquid-like results.', 620, 'n/a', 'http://192.168.1.173/webService/Images/70.jpg'),
('71', 'Anastasia Beverly Hills - Clear Brow Gel 7.93 g / 0.28 Oz.', '4', '8', 'A long-wearing, invisible brush-on gel for all hair colors that sets, defines, and holds brows in place. Apply Anastasia Beverly Hills Clear Brow Gel in short upward strokes as a finishing topcoat, or alone, for a clean, polished look.', 750, 'n/a', 'http://192.168.1.173/webService/Images/71.jpg'),
('72', 'Anastasia Beverly Hills - Brow Powder Duo - Dark Brown', '4', '3', 'A smudge-proof, two-shade brow powder compact that creates the perfect professional brow. Apply Anastasia Beverly Hills Brow Powder Duo in short, light strokes for a defined look with natural highlights and lowlights.', 780, 'n/a', 'http://192.168.1.173/webService/Images/72.jpg');
INSERT INTO `product` (`product_id`, `product_name`, `brand_id`, `categories_id`, `description`, `product_price`, `ingredient`, `product_img`) VALUES
('73', 'Anastasia Beverly Hills - Brow Powder Duo - Ash Brown', '4', '3', 'A smudge-proof, two-shade brow powder compact that creates the perfect professional brow. Apply Anastasia Beverly Hills Brow Powder Duo in short, light strokes for a defined look with natural highlights and lowlights.', 780, 'n/a', 'http://192.168.1.173/webService/Images/73.jpg'),
('74', 'Anastasia Beverly Hills - Brow Powder Duo - Medium Brown', '4', '3', 'A smudge-proof, two-shade brow powder compact that creates the perfect professional brow. Apply Anastasia Beverly Hills Brow Powder Duo in short, light strokes for a defined look with natural highlights and lowlights.', 780, 'n/a', 'http://192.168.1.173/webService/Images/74.jpg'),
('75', 'Anastasia Beverly Hills - Brow Powder Duo - Auburn', '4', '3', 'A smudge-proof, two-shade brow powder compact that creates the perfect professional brow. Apply Anastasia Beverly Hills Brow Powder Duo in short, light strokes for a defined look with natural highlights and lowlights.', 780, 'n/a', 'http://192.168.1.173/webService/Images/75.jpg'),
('76', 'Anastasia Beverly Hills - Brow Powder Duo - Granite', '4', '3', 'A smudge-proof, two-shade brow powder compact that creates the perfect professional brow. Apply Anastasia Beverly Hills Brow Powder Duo in short, light strokes for a defined look with natural highlights and lowlights.', 780, 'n/a', 'http://192.168.1.173/webService/Images/76.jpg'),
('77', 'Anastasia Beverly Hills - Brow Powder Duo - Soft Brown', '4', '3', 'A smudge-proof, two-shade brow powder compact that creates the perfect professional brow. Apply Anastasia Beverly Hills Brow Powder Duo in short, light strokes for a defined look with natural highlights and lowlights.', 780, 'n/a', 'http://192.168.1.173/webService/Images/77.jpg'),
('78', 'Anastasia Beverly Hills - Brow Powder Duo - Taupe', '4', '3', 'A smudge-proof, two-shade brow powder compact that creates the perfect professional brow. Apply Anastasia Beverly Hills Brow Powder Duo in short, light strokes for a defined look with natural highlights and lowlights.', 780, 'n/a', 'http://192.168.1.173/webService/Images/78.jpg'),
('79', 'Anastasia Beverly Hills - Brow Powder Duo - Blonde', '4', '3', 'A smudge-proof, two-shade brow powder compact that creates the perfect professional brow. Apply Anastasia Beverly Hills Brow Powder Duo in short, light strokes for a defined look with natural highlights and lowlights.', 780, 'n/a', 'http://192.168.1.173/webService/Images/79.jpg'),
('8', 'LUNASOL Feathery Smoky Eyes', '1', '2', 'This is a four-color eye shadow set inspired by feathers with a beautiful gradation of colors and textures. Shade Color and Nuance Color consist of a gradation of three shades each. By using luster in dark colors and making pale colors foggy, this eye shadow palette creates a smoky look with an airy mesmerizing charm.', 1780, 'n/a', 'http://192.168.1.173/webService/Images/8.jpg'),
('80', 'Anastasia Beverly Hills - Brow Powder Duo - Caramel', '4', '3', 'A smudge-proof, two-shade brow powder compact that creates the perfect professional brow. Apply Anastasia Beverly Hills Brow Powder Duo in short, light strokes for a defined look with natural highlights and lowlights.', 780, 'n/a', 'http://192.168.1.173/webService/Images/80.jpg'),
('81', 'Anastasia Beverly Hills - Highlighting Duo Pencil - Camille/Sand 4.8 g / 0.17 Oz.', '4', '11', 'A double-sided pencil that highlights and defines brows', 780, 'n/a', 'http://192.168.1.173/webService/Images/81.jpg'),
('82', 'Anastasia Beverly Hills - Highlighting Duo Pencil - Shell/Lace 4.8 g / 0.17 Oz.', '4', '11', 'A double-sided pencil that highlights and defines brows', 780, 'n/a', 'http://192.168.1.173/webService/Images/82.jpg'),
('83', 'ANASTASIA Beverly Hills Brow Wiz Auburn 0.085 g / 0.003 Oz.', '4', '3', 'An award-winning ultra-slim, retractable pencil that creates precise, hair-like strokes. Use Anastasia Beverly Hills Brow Wiz?', 700, 'n/a', 'http://192.168.1.173/webService/Images/83.jpg'),
('84', 'ANASTASIA Beverly Hills Brow Wiz Blonde 0.085 g / 0.003 Oz.', '4', '3', 'An award-winning ultra-slim, retractable pencil that creates precise, hair-like strokes. Use Anastasia Beverly Hills Brow Wiz?', 700, 'n/a', 'http://192.168.1.173/webService/Images/84.jpg'),
('85', 'ANASTASIA Beverly Hills Brow Wiz Caramel 0.085 g / 0.003 Oz.', '4', '3', 'An award-winning ultra-slim, retractable pencil that creates precise, hair-like strokes. Use Anastasia Beverly Hills Brow Wiz?', 700, 'n/a', 'http://192.168.1.173/webService/Images/85.jpg'),
('86', 'ANASTASIA Beverly Hills Brow Wiz Chocolate 0.085 g / 0.003 Oz.', '4', '3', 'An award-winning ultra-slim, retractable pencil that creates precise, hair-like strokes. Use Anastasia Beverly Hills Brow Wiz?', 700, 'n/a', 'http://192.168.1.173/webService/Images/86.jpg'),
('87', 'ANASTASIA Beverly Hills Brow Wiz Dark Brown 0.085 g / 0.003 Oz.', '4', '3', 'An award-winning ultra-slim, retractable pencil that creates precise, hair-like strokes. Use Anastasia Beverly Hills Brow Wiz?', 700, 'n/a', 'http://192.168.1.173/webService/Images/87.jpg'),
('88', 'ANASTASIA Beverly Hills Brow Wiz Granite 0.085 g / 0.003 Oz.', '4', '3', 'An award-winning ultra-slim, retractable pencil that creates precise, hair-like strokes. Use Anastasia Beverly Hills Brow Wiz?', 700, 'n/a', 'http://192.168.1.173/webService/Images/88.jpg'),
('89', 'ANASTASIA Beverly Hills Brow Wiz Medium Brown 0.085 g / 0.003 Oz.', '4', '3', 'An award-winning ultra-slim, retractable pencil that creates precise, hair-like strokes. Use Anastasia Beverly Hills Brow Wiz?', 700, 'n/a', 'http://192.168.1.173/webService/Images/89.jpg'),
('9', 'LUNASOL Feathery Lash Mascara', '1', '8', 'A new mascara that lightly coats every lash to achieve a dimensional, beautiful shape. A delicately calculated color helps create an integrated feel between the eye shadow and mascara for beautiful, three-dimensional eyes that make your profile look even more beautiful.', 1050, 'n/a', 'http://192.168.1.173/webService/Images/9.jpg'),
('90', 'ANASTASIA Beverly Hills Brow Wiz Taupe 0.085 g / 0.003 Oz.', '4', '3', 'An award-winning ultra-slim, retractable pencil that creates precise, hair-like strokes. Use Anastasia Beverly Hills Brow Wiz?', 700, 'n/a', 'http://192.168.1.173/webService/Images/90.jpg'),
('91', 'Anastasia Beverly Hills - Dipbrow Pomade - Auburn 4.0 g / 0.14 Oz.', '4', '3', 'An award-winning waterproof, multitasking, and buildable matte pomade that stays put. Apply and blend a small amount of Anastasia Beverly Hills DIPBROW? Pomade with an angled brow brush to effortlessly outline, fill, and texturize brows.', 1020, 'n/a', 'http://192.168.1.173/webService/Images/91.jpg'),
('92', 'Anastasia Beverly Hills - Dipbrow Pomade - Blonde 4.0 g / 0.14 Oz.', '4', '3', 'An award-winning waterproof, multitasking, and buildable matte pomade that stays put. Apply and blend a small amount of Anastasia Beverly Hills DIPBROW? Pomade with an angled brow brush to effortlessly outline, fill, and texturize brows.', 1020, 'n/a', 'http://192.168.1.173/webService/Images/92.jpg'),
('93', 'Anastasia Beverly Hills - Dipbrow Pomade - Caramel 4.0 g / 0.14 Oz.', '4', '3', 'An award-winning waterproof, multitasking, and buildable matte pomade that stays put. Apply and blend a small amount of Anastasia Beverly Hills DIPBROW? Pomade with an angled brow brush to effortlessly outline, fill, and texturize brows.', 1020, 'n/a', 'http://192.168.1.173/webService/Images/93.jpg'),
('94', 'Anastasia Beverly Hills - Dipbrow Pomade - Ebony 4.0 g / 0.14 Oz.', '4', '3', 'An award-winning waterproof, multitasking, and buildable matte pomade that stays put. Apply and blend a small amount of Anastasia Beverly Hills DIPBROW? Pomade with an angled brow brush to effortlessly outline, fill, and texturize brows.', 1020, 'n/a', 'http://192.168.1.173/webService/Images/94.jpg'),
('95', 'Anastasia Beverly Hills - Dipbrow Pomade - Taupe 4.0 g / 0.14 Oz.', '4', '3', 'An award-winning waterproof, multitasking, and buildable matte pomade that stays put. Apply and blend a small amount of Anastasia Beverly Hills DIPBROW? Pomade with an angled brow brush to effortlessly outline, fill, and texturize brows.', 1020, 'n/a', 'http://192.168.1.173/webService/Images/95.jpg'),
('96', 'Christian Dior Diorshow Iconic Overcurl Mascara for Women, # 090 Black, 0.33 Ounce', '14', '8', 'Diorshow Iconic Overcurl Mascara - # 090 Black was launched by the design house of Christian Dior.', 970, 'n/a', 'http://192.168.1.173/webService/Images/96.jpg'),
('97', 'Christian Dior 5 Couleurs Couture Colors and Effects Eye Shadow, Palette No. 646-30 Montaigne, 0.21 Ounce', '14', '2', 'This dior-designed palette has five harmonious shades that capture the luxury sportswear so cherished by christian dior. It features a rope motif with five shadows layered in shimmer, iridescent, and satin finishes.', 2000, 'n/a', 'http://192.168.1.173/webService/Images/97.jpg'),
('98', 'Christian Dior 5 Couleurs Designer All-in-one Professional Eye Palette, 808/Purple, 0.2 Ounce', '14', '2', 'An ultra-professional and totally new version of its 5 Couleurs palette. It brings together five different eye shadows with varying textures so you can create perfect styles through layering.', 2000, 'n/a', 'http://192.168.1.173/webService/Images/98.jpg'),
('99', 'Christian Dior 5 Couleurs Couture Colors and Effects Eye Shadow, Palette No. 156 Femme-Fleur, 0.21 Ounce', '14', '2', 'This dior-designed palette has five harmonious shades that capture the luxury sportswear so cherished by christian dior. It features a rope motif with five shadows layered in shimmer, iridescent, and satin finishes.', 2000, 'n/a', 'http://192.168.1.173/webService/Images/99.jpg');

-- --------------------------------------------------------

--
-- Table structure for table `product_brand`
--

CREATE TABLE `product_brand` (
  `brand_id` int(20) NOT NULL,
  `brand_name` varchar(100) COLLATE utf8mb4_unicode_ci NOT NULL,
  `brand_logo` varchar(300) COLLATE utf8mb4_unicode_ci NOT NULL
) ENGINE=InnoDB DEFAULT CHARSET=utf8mb4 COLLATE=utf8mb4_unicode_ci;

--
-- Dumping data for table `product_brand`
--

INSERT INTO `product_brand` (`brand_id`, `brand_name`, `brand_logo`) VALUES
(1, 'Kanebo Lunasol', 'http://192.168.1.173/webService/brand_logo/dior.jpg'),
(2, 'Too Faced', 'http://192.168.1.173/webService/brand_logo/dior.jpg'),
(3, 'Tom Ford', 'http://192.168.1.173/webService/brand_logo/dior.jpg'),
(4, 'Anastasia Beverly Hills', 'http://192.168.1.173/webService/brand_logo/dior.jpg'),
(5, 'Charlotte Tilbury', 'http://192.168.1.173/webService/brand_logo/dior.jpg'),
(6, 'Nars', 'http://192.168.1.173/webService/brand_logo/dior.jpg'),
(7, 'Majolica Majorca', 'http://192.168.1.173/webService/brand_logo/dior.jpg'),
(8, 'LANCÔME', 'http://192.168.1.173/webService/brand_logo/dior.jpg'),
(9, 'Maybelline', 'http://192.168.1.173/webService/brand_logo/dior.jpg'),
(10, 'Rimmel London', 'http://192.168.1.173/webService/brand_logo/dior.jpg'),
(11, 'Covergirl', 'http://192.168.1.173/webService/brand_logo/dior.jpg'),
(12, 'L\'Oreal', 'http://192.168.1.173/webService/brand_logo/loreal.png'),
(13, 'Bourjois', 'http://192.168.1.173/webService/brand_logo/dior.jpg'),
(14, 'Dior', 'http://192.168.1.173/webService/brand_logo/dior.jpg'),
(15, 'Stila Cosmetics', 'http://192.168.1.173/webService/brand_logo/dior.jpg'),
(16, 'Etude House', 'http://192.168.1.173/webService/brand_logo/dior.jpg'),
(17, 'NYX', 'http://192.168.1.173/webService/brand_logo/nyx.png'),
(18, 'Urban decay', 'http://192.168.1.173/webService/brand_logo/dior.jpg'),
(19, 'Laura Mercier', 'http://192.168.1.173/webService/brand_logo/dior.jpg'),
(20, 'Hourglass', 'http://192.168.1.173/webService/brand_logo/dior.jpg'),
(21, 'Bobbi Brown', 'http://192.168.1.173/webService/brand_logo/dior.jpg'),
(22, 'Chanel', 'http://192.168.1.173/webService/brand_logo/chanel.png');

-- --------------------------------------------------------

--
-- Table structure for table `product_test`
--

CREATE TABLE `product_test` (
  `product_id` varchar(32) COLLATE utf8mb4_unicode_ci NOT NULL,
  `product_name` varchar(200) COLLATE utf8mb4_unicode_ci NOT NULL,
  `brand_id` varchar(200) COLLATE utf8mb4_unicode_ci NOT NULL,
  `categories_id` varchar(200) COLLATE utf8mb4_unicode_ci NOT NULL,
  `description` text COLLATE utf8mb4_unicode_ci NOT NULL,
  `product_price` int(11) NOT NULL,
  `ingredient` text COLLATE utf8mb4_unicode_ci NOT NULL,
  `product_img` varchar(200) COLLATE utf8mb4_unicode_ci NOT NULL
) ENGINE=InnoDB DEFAULT CHARSET=utf8mb4 COLLATE=utf8mb4_unicode_ci;

-- --------------------------------------------------------

--
-- Table structure for table `user`
--

CREATE TABLE `user` (
  `user_id` int(11) NOT NULL,
  `first_name` varchar(100) COLLATE utf8mb4_unicode_ci NOT NULL,
  `last_name` varchar(100) COLLATE utf8mb4_unicode_ci NOT NULL,
  `email` varchar(100) COLLATE utf8mb4_unicode_ci NOT NULL
) ENGINE=InnoDB DEFAULT CHARSET=utf8mb4 COLLATE=utf8mb4_unicode_ci;

--
-- Dumping data for table `user`
--

INSERT INTO `user` (`user_id`, `first_name`, `last_name`, `email`) VALUES
(1001, 'Popular', 'Vote', 'pop@ppp.com'),
(1002, 'loop', 'infinite', 'loop@pp.com'),
(1003, 'san ', 'Jose', 'sanjose@pp.com'),
(1004, 'gaff', 'gggg', 'ggg'),
(1007, 'john', 'appleseed', 'john@apple'),
(1008, 'abc', 'defg', 'hijk'),
(1009, 'abc', 'abc', 'abc'),
(1010, 'goll', 'tyt', 'gff'),
(1011, 'yfcc', 'dfge', 'ffgg'),
(1012, 'hgf', 'fggm', 'vgg'),
(1013, 'jgvn', 'jgff', 'vgg'),
(1014, 'kl', 'qq', 'mm'),
(1015, 'fff', 'ccf', 'ssa'),
(1016, 'ggggggggg', 'gggggggg', 'kkkkk'),
(1022, 'Som', 'Chai', 's'),
(1023, 'Dandi', 'Yando', 'dadi@hotmail.com');

--
-- Indexes for dumped tables
--

--
-- Indexes for table `categories`
--
ALTER TABLE `categories`
  ADD PRIMARY KEY (`categories_id`);

--
-- Indexes for table `product`
--
ALTER TABLE `product`
  ADD PRIMARY KEY (`product_id`);

--
-- Indexes for table `product_brand`
--
ALTER TABLE `product_brand`
  ADD PRIMARY KEY (`brand_id`);

--
-- Indexes for table `user`
--
ALTER TABLE `user`
  ADD PRIMARY KEY (`user_id`);

--
-- AUTO_INCREMENT for dumped tables
--

--
-- AUTO_INCREMENT for table `product_brand`
--
ALTER TABLE `product_brand`
  MODIFY `brand_id` int(20) NOT NULL AUTO_INCREMENT, AUTO_INCREMENT=23;

--
-- AUTO_INCREMENT for table `user`
--
ALTER TABLE `user`
  MODIFY `user_id` int(11) NOT NULL AUTO_INCREMENT, AUTO_INCREMENT=1024;
COMMIT;

/*!40101 SET CHARACTER_SET_CLIENT=@OLD_CHARACTER_SET_CLIENT */;
/*!40101 SET CHARACTER_SET_RESULTS=@OLD_CHARACTER_SET_RESULTS */;
/*!40101 SET COLLATION_CONNECTION=@OLD_COLLATION_CONNECTION */;
